,ga:landingPagePath,ga:date,ga:source,ga:country,ga:deviceCategory,ga:users,ga:newUsers,ga:sessions,ga:bounceRate,ga:pageviewsPerSession,ga:avgSessionDuration,ga:totalEvents
0,/discos-smart-bogo-cart-upsell,20220505,(direct),Vietnam,desktop,1.0,0.0,1.0,100.0,1.0,0.0,0.0
1,/discos-smart-bogo-cart-upsell,20220505,admin,Australia,desktop,1.0,1.0,1.0,100.0,1.0,0.0,0.0
2,/discos-smart-bogo-cart-upsell,20220505,happypoints.io,Vietnam,desktop,1.0,0.0,1.0,0.0,2.0,88.0,0.0
3,/discos-smart-bogo-cart-upsell,20220505,landing page,Australia,desktop,1.0,1.0,1.0,100.0,1.0,0.0,0.0
4,/discos-smart-bogo-cart-upsell,20220505,landing page,Vietnam,desktop,1.0,0.0,1.0,100.0,1.0,0.0,0.0
5,/discos-smart-bogo-cart-upsell,20220505,newsletter,United States,desktop,1.0,1.0,1.0,100.0,1.0,0.0,0.0
6,/discos-smart-bogo-cart-upsell,20220506,(direct),India,desktop,1.0,1.0,1.0,100.0,1.0,0.0,0.0
7,/discos-smart-bogo-cart-upsell,20220506,(direct),Vietnam,desktop,7.0,5.0,11.0,81.81818181818183,3.727272727272727,358.6363636363636,12.0
8,/discos-smart-bogo-cart-upsell,20220506,(direct),Vietnam,mobile,2.0,2.0,3.0,100.0,1.0,0.0,0.0
9,/discos-smart-bogo-cart-upsell,20220506,admin,India,desktop,1.0,0.0,1.0,100.0,1.0,0.0,0.0
10,/discos-smart-bogo-cart-upsell,20220506,l.facebook.com,Czechia,desktop,1.0,0.0,1.0,0.0,2.0,989.0,0.0
11,/discos-smart-bogo-cart-upsell,20220506,landing page,Vietnam,desktop,1.0,0.0,3.0,33.33333333333333,7.333333333333333,2420.3333333333335,0.0
12,/discos-smart-bogo-cart-upsell,20220506,linkedin.com,Vietnam,desktop,1.0,1.0,1.0,100.0,1.0,0.0,0.0
13,/discos-smart-bogo-cart-upsell,20220507,admin,United Arab Emirates,desktop,1.0,1.0,1.0,0.0,1.0,113.0,1.0
14,/discos-smart-bogo-cart-upsell,20220507,admin,United Kingdom,desktop,1.0,0.0,1.0,0.0,1.0,97.0,1.0
15,/discos-smart-bogo-cart-upsell,20220507,admin,United States,desktop,1.0,1.0,1.0,100.0,1.0,0.0,0.0
16,/discos-smart-bogo-cart-upsell,20220508,admin,Kenya,desktop,1.0,0.0,1.0,0.0,1.0,62.0,1.0
17,/discos-smart-bogo-cart-upsell,20220508,google,India,desktop,1.0,0.0,1.0,0.0,1.0,167.0,1.0
18,/discos-smart-bogo-cart-upsell,20220508,google,Kenya,mobile,1.0,1.0,1.0,100.0,1.0,0.0,0.0
19,/discos-smart-bogo-cart-upsell,20220509,(direct),Germany,desktop,1.0,1.0,1.0,0.0,2.0,3.0,0.0
20,/discos-smart-bogo-cart-upsell,20220509,google,Vietnam,desktop,1.0,0.0,1.0,100.0,1.0,0.0,0.0
21,/discos-smart-bogo-cart-upsell,20220509,linkedin.com,Vietnam,desktop,1.0,1.0,1.0,100.0,1.0,0.0,0.0
22,/discos-smart-bogo-cart-upsell,20220510,(direct),Czechia,desktop,1.0,1.0,1.0,100.0,1.0,0.0,0.0
23,/discos-smart-bogo-cart-upsell,20220510,(direct),France,desktop,1.0,1.0,1.0,100.0,1.0,0.0,0.0
24,/discos-smart-bogo-cart-upsell,20220510,(direct),United States,desktop,1.0,1.0,1.0,100.0,1.0,0.0,0.0
25,/discos-smart-bogo-cart-upsell,20220510,landing page,Vietnam,desktop,1.0,0.0,1.0,100.0,1.0,0.0,0.0
26,/discos-smart-bogo-cart-upsell,20220511,(direct),Vietnam,desktop,2.0,1.0,2.0,50.0,1.5,53.0,0.0
27,/discos-smart-bogo-cart-upsell,20220511,(direct),Vietnam,mobile,1.0,1.0,1.0,100.0,1.0,0.0,0.0
28,/discos-smart-bogo-cart-upsell,20220511,admin,Malaysia,desktop,1.0,1.0,1.0,100.0,1.0,0.0,0.0
29,/discos-smart-bogo-cart-upsell,20220511,admin,United States,desktop,2.0,1.0,2.0,100.0,1.0,0.0,0.0
30,/discos-smart-bogo-cart-upsell,20220511,google,Hungary,desktop,1.0,0.0,1.0,100.0,1.0,0.0,0.0
31,/discos-smart-bogo-cart-upsell,20220511,google,Vietnam,desktop,1.0,0.0,1.0,0.0,3.0,2555.0,0.0
32,/discos-smart-bogo-cart-upsell,20220511,google,Vietnam,mobile,1.0,1.0,2.0,100.0,1.0,0.0,0.0
33,/discos-smart-bogo-cart-upsell,20220511,l.facebook.com,Vietnam,desktop,1.0,0.0,1.0,100.0,1.0,0.0,0.0
34,/discos-smart-bogo-cart-upsell,20220511,landing page,Vietnam,desktop,1.0,0.0,1.0,0.0,2.0,1243.0,0.0
35,/discos-smart-bogo-cart-upsell,20220512,(direct),Vietnam,desktop,1.0,1.0,1.0,0.0,3.0,346.0,0.0
36,/discos-smart-bogo-cart-upsell,20220512,admin,India,desktop,1.0,1.0,1.0,100.0,1.0,0.0,0.0
37,/discos-smart-bogo-cart-upsell,20220512,admin,Saudi Arabia,desktop,1.0,0.0,1.0,0.0,1.0,94.0,1.0
38,/discos-smart-bogo-cart-upsell,20220512,admin,United Kingdom,desktop,1.0,1.0,1.0,100.0,1.0,0.0,0.0
39,/discos-smart-bogo-cart-upsell,20220512,admin,United States,desktop,2.0,1.0,2.0,100.0,1.0,0.0,0.0
40,/discos-smart-bogo-cart-upsell,20220513,(direct),Vietnam,desktop,2.0,0.0,2.0,100.0,1.0,0.0,0.0
41,/discos-smart-bogo-cart-upsell,20220513,admin,United States,desktop,1.0,0.0,1.0,0.0,1.0,17.0,1.0
42,/discos-smart-bogo-cart-upsell,20220514,(direct),Vietnam,desktop,1.0,1.0,1.0,100.0,1.0,0.0,0.0
43,/discos-smart-bogo-cart-upsell,20220514,admin,United States,desktop,1.0,0.0,1.0,100.0,1.0,0.0,0.0
44,/discos-smart-bogo-cart-upsell,20220515,admin,Philippines,desktop,1.0,0.0,1.0,100.0,1.0,0.0,0.0
45,/discos-smart-bogo-cart-upsell,20220516,(direct),Germany,desktop,1.0,1.0,1.0,0.0,2.0,3.0,0.0
46,/discos-smart-bogo-cart-upsell,20220516,(direct),Vietnam,desktop,1.0,0.0,1.0,100.0,1.0,0.0,0.0
47,/discos-smart-bogo-cart-upsell,20220516,admin,Canada,desktop,1.0,1.0,1.0,100.0,1.0,0.0,0.0
48,/discos-smart-bogo-cart-upsell,20220516,admin,United States,desktop,1.0,0.0,1.0,100.0,1.0,0.0,0.0
49,/discos-smart-bogo-cart-upsell,20220516,admin,Vietnam,desktop,1.0,0.0,1.0,100.0,1.0,0.0,0.0
50,/discos-smart-bogo-cart-upsell,20220516,google,Vietnam,desktop,1.0,0.0,1.0,100.0,1.0,0.0,0.0
51,/discos-smart-bogo-cart-upsell,20220516,google,Vietnam,mobile,1.0,0.0,2.0,50.0,1.5,131.0,0.0
52,/discos-smart-bogo-cart-upsell,20220516,shopify community,India,desktop,1.0,1.0,1.0,100.0,1.0,0.0,0.0
53,/discos-smart-bogo-cart-upsell,20220517,admin,United States,desktop,2.0,1.0,2.0,100.0,1.0,0.0,0.0
54,/discos-smart-bogo-cart-upsell,20220517,secure.helpscout.net,Vietnam,desktop,1.0,0.0,1.0,100.0,1.0,0.0,0.0
55,/discos-smart-bogo-cart-upsell,20220517,slack_partner_league,Vietnam,desktop,1.0,1.0,1.0,100.0,1.0,0.0,0.0
56,/discos-smart-bogo-cart-upsell,20220518,admin,United States,desktop,1.0,0.0,2.0,100.0,1.0,0.0,0.0
57,/discos-smart-bogo-cart-upsell,20220518,secure.helpscout.net,Vietnam,desktop,1.0,0.0,2.0,100.0,1.0,0.0,0.0
58,/discos-smart-bogo-cart-upsell,20220519,admin,United States,desktop,1.0,0.0,1.0,100.0,1.0,0.0,0.0
59,/discos-smart-bogo-cart-upsell,20220519,slack_partner_leauge,Guatemala,desktop,1.0,0.0,1.0,100.0,1.0,0.0,0.0
60,/discos-smart-bogo-cart-upsell,20220524,(direct),Vietnam,desktop,2.0,2.0,2.0,100.0,1.0,0.0,0.0
61,/discos-smart-bogo-cart-upsell,20220525,google,Vietnam,desktop,1.0,0.0,1.0,100.0,1.0,0.0,0.0
62,/discos-smart-bogo-cart-upsell,20220526,website,South Africa,desktop,1.0,1.0,3.0,100.0,1.0,0.0,0.0
63,/discos-smart-bogo-cart-upsell,20220527,google,Vietnam,desktop,1.0,0.0,1.0,100.0,1.0,0.0,0.0
64,/discos-smart-bogo-cart-upsell,20220530,(direct),India,desktop,1.0,1.0,1.0,0.0,2.0,3.0,0.0
65,/discos-smart-bogo-cart-upsell,20220530,landing page,India,desktop,1.0,1.0,1.0,100.0,1.0,0.0,0.0
66,/discos-smart-bogo-cart-upsell,20220530,website,India,desktop,1.0,1.0,1.0,0.0,1.0,51.0,1.0
67,/discos-smart-bogo-cart-upsell,20220531,google,Vietnam,desktop,1.0,0.0,1.0,100.0,1.0,0.0,0.0
68,/discos-smart-bogo-cart-upsell,20220531,landing page,United States,desktop,1.0,0.0,1.0,100.0,1.0,0.0,0.0
69,/discos-smart-bogo-cart-upsell,20220531,landing page,Vietnam,desktop,1.0,0.0,1.0,100.0,1.0,0.0,0.0
70,/discos-smart-bogo-cart-upsell,20220531,slack_partner_leauge,Vietnam,desktop,1.0,0.0,1.0,100.0,1.0,0.0,0.0
71,/discos-smart-bogo-cart-upsell,20220601,google,United States,desktop,1.0,0.0,1.0,100.0,1.0,0.0,0.0
72,/discos-smart-bogo-cart-upsell,20220601,l.facebook.com,Vietnam,desktop,1.0,0.0,1.0,100.0,1.0,0.0,0.0
73,/discos-smart-bogo-cart-upsell?fbclid=IwAR09RZwhKjodFRCbGwvMoKl5uKV-rx2irpUGkFQ17FxfwVag_qs8Y2YHkZA,20220507,m.facebook.com,Sweden,mobile,1.0,1.0,1.0,100.0,1.0,0.0,0.0
74,/discos-smart-bogo-cart-upsell?fbclid=IwAR1egpE-NQXItINsjcqRluJLKhVhAcDWVahgujAjbwAx4oiOiQNF7pjXLOQ,20220601,m.facebook.com,United States,mobile,1.0,1.0,1.0,100.0,1.0,0.0,0.0
75,/discos-smart-bogo-cart-upsell?fbclid=IwAR1LBgr6hB8Q3N388nuJZEBOcJjHG8I6Unv0v4XoRlneO5rFI7_Hji4U7LE,20220602,l.facebook.com,Vietnam,desktop,1.0,0.0,1.0,0.0,2.0,13.0,0.0
76,/discos-smart-bogo-cart-upsell?fbclid=IwAR1ZRZn0tuuMl21aZt4nX98-_coyXHcIJPF9t73SVlnfKvT5JsW1Aofazgo,20220602,l.facebook.com,Vietnam,desktop,1.0,1.0,1.0,0.0,4.0,834.0,1.0
77,/discos-smart-bogo-cart-upsell?fbclid=IwAR2uV_t8grermYZOyUsGmBlk_AY7kpuc5mqGuhhCUG8eQdkLRRQ3ml2FG4k,20220507,m.facebook.com,United States,mobile,1.0,1.0,1.0,100.0,1.0,0.0,0.0
78,/discos-smart-bogo-cart-upsell?fbclid=IwAR3kSOGBNuL2koAN2OK_KoWpG6XugUdSGyt_Po8cWZks_2Nqmbh9vVPdGLw,20220601,m.facebook.com,United States,mobile,1.0,1.0,1.0,100.0,1.0,0.0,0.0
79,/discos-smart-bogo-cart-upsell?fbclid=IwAR3p0h1do3ZHd68IJ_-sVYYwBNGr4m-zQRKpxwR6_Ej2g-l2DfZhA1K6oDk,20220507,m.facebook.com,United States,mobile,1.0,1.0,1.0,100.0,1.0,0.0,0.0
80,/discos-smart-bogo-cart-upsell?fbclid=IwAR3vO2vz-5pBr0_Dt7-C5uS2FKGOvqVef2s9QTlDsuLx78iXWIoKl_JpPAw,20220516,l.facebook.com,Vietnam,desktop,1.0,0.0,2.0,50.0,1.5,10.0,0.0
81,/discos-smart-bogo-cart-upsell?locale=de,20220511,admin,Germany,desktop,1.0,1.0,1.0,100.0,1.0,0.0,0.0
82,/discos-smart-bogo-cart-upsell?locale=de&surface_detail=all&surface_inter_position=3&surface_intra_position=21&surface_type=category,20220510,(direct),Germany,mobile,1.0,1.0,1.0,100.0,1.0,0.0,0.0
83,/discos-smart-bogo-cart-upsell?locale=de&surface_detail=bogo&surface_inter_position=1&surface_intra_position=21&surface_type=search,20220511,(direct),Germany,desktop,1.0,1.0,1.0,100.0,1.0,0.0,0.0
84,/discos-smart-bogo-cart-upsell?locale=de&surface_detail=buy+x+get+y&surface_inter_position=1&surface_intra_position=8&surface_type=search,20220515,facebook.com,Austria,desktop,1.0,0.0,1.0,0.0,1.0,22.0,1.0
85,/discos-smart-bogo-cart-upsell?locale=de&surface_detail=buy+x+get+y&surface_inter_position=1&surface_intra_position=8&surface_type=search,20220517,(direct),Germany,desktop,1.0,1.0,1.0,0.0,2.0,106.0,1.0
86,/discos-smart-bogo-cart-upsell?locale=de&surface_detail=buy+x+get+y&surface_inter_position=1&surface_intra_position=8&surface_type=search,20220526,(direct),Germany,desktop,1.0,1.0,1.0,0.0,1.0,1.0,1.0
87,/discos-smart-bogo-cart-upsell?locale=de&surface_detail=cart+upsell&surface_inter_position=1&surface_intra_position=18&surface_type=search,20220531,(direct),Germany,desktop,1.0,1.0,1.0,100.0,1.0,0.0,0.0
88,/discos-smart-bogo-cart-upsell?locale=de&surface_detail=cart+upsell&surface_inter_position=1&surface_intra_position=18&surface_type=search,20220601,(direct),Germany,desktop,1.0,0.0,1.0,100.0,1.0,0.0,0.0
89,/discos-smart-bogo-cart-upsell?locale=de&surface_detail=conversion-upselling-and-cross-selling&surface_inter_position=9&surface_intra_position=2&surface_type=home,20220516,(direct),Germany,desktop,1.0,1.0,1.0,0.0,1.0,216.0,1.0
90,/discos-smart-bogo-cart-upsell?locale=de&surface_detail=recommended-for-you&surface_inter_position=2&surface_intra_position=1&surface_type=home,20220508,admin,Germany,mobile,1.0,0.0,1.0,100.0,1.0,0.0,0.0
91,/discos-smart-bogo-cart-upsell?locale=es&surface_detail=all&surface_inter_position=3&surface_intra_position=12&surface_type=category,20220509,google,Chile,desktop,1.0,0.0,1.0,100.0,1.0,0.0,0.0
92,/discos-smart-bogo-cart-upsell?locale=es&surface_detail=bogo&surface_inter_position=1&surface_intra_position=17&surface_type=search,20220513,(direct),Mexico,desktop,1.0,1.0,1.0,100.0,1.0,0.0,0.0
93,/discos-smart-bogo-cart-upsell?locale=es&surface_detail=bogo&surface_inter_position=1&surface_intra_position=18&surface_type=search,20220526,(direct),Spain,desktop,1.0,1.0,1.0,100.0,1.0,0.0,0.0
94,/discos-smart-bogo-cart-upsell?locale=es&surface_detail=BOGO+buy+x+get+y&surface_inter_position=1&surface_intra_position=18&surface_type=search,20220527,(direct),Spain,desktop,1.0,1.0,1.0,100.0,1.0,0.0,0.0
95,/discos-smart-bogo-cart-upsell?locale=es&surface_detail=buy+x+get+y&surface_inter_position=1&surface_intra_position=8&surface_type=search,20220513,(direct),Chile,desktop,1.0,1.0,1.0,100.0,1.0,0.0,0.0
96,/discos-smart-bogo-cart-upsell?locale=es&surface_detail=conversion-upselling-and-cross-selling&surface_inter_position=1&surface_intra_position=6&surface_type=subcategory,20220512,(direct),Colombia,desktop,1.0,1.0,1.0,0.0,1.0,244.0,1.0
97,/discos-smart-bogo-cart-upsell?locale=es&surface_detail=disco&surface_inter_position=1&surface_intra_position=6&surface_type=search,20220518,(direct),Chile,desktop,1.0,1.0,1.0,0.0,1.0,139.0,1.0
98,/discos-smart-bogo-cart-upsell?locale=es&surface_detail=galeria+logos&surface_inter_position=2&surface_intra_position=13&surface_type=search,20220601,(direct),Colombia,desktop,1.0,1.0,1.0,100.0,1.0,0.0,0.0
99,/discos-smart-bogo-cart-upsell?locale=es&surface_detail=gift+on+cart&surface_inter_position=7&surface_intra_position=23&surface_type=search,20220525,(direct),Spain,desktop,1.0,1.0,1.0,100.0,1.0,0.0,0.0
100,/discos-smart-bogo-cart-upsell?locale=es&surface_detail=Gira+y+gana&surface_inter_position=1&surface_intra_position=17&surface_type=search,20220508,(direct),Peru,mobile,1.0,1.0,1.0,100.0,1.0,0.0,0.0
101,/discos-smart-bogo-cart-upsell?locale=es&surface_detail=recommended-for-you&surface_inter_position=1&surface_intra_position=1&surface_type=collection,20220506,(direct),Colombia,desktop,1.0,1.0,1.0,100.0,1.0,0.0,0.0
102,/discos-smart-bogo-cart-upsell?locale=es&surface_detail=recommended-for-you&surface_inter_position=1&surface_intra_position=1&surface_type=collection,20220511,(direct),Mexico,desktop,1.0,1.0,1.0,100.0,1.0,0.0,0.0
103,/discos-smart-bogo-cart-upsell?locale=es&surface_detail=recommended-for-you&surface_inter_position=1&surface_intra_position=12&surface_type=collection,20220510,l.facebook.com,Colombia,desktop,1.0,0.0,1.0,0.0,2.0,549.0,0.0
104,/discos-smart-bogo-cart-upsell?locale=es&surface_detail=recommended-for-you&surface_inter_position=2&surface_intra_position=1&surface_type=home,20220511,(direct),Spain,desktop,1.0,1.0,1.0,100.0,1.0,0.0,0.0
105,/discos-smart-bogo-cart-upsell?locale=fi&surface_detail=buy+x+get+y&surface_inter_position=1&surface_intra_position=8&surface_type=search,20220511,google,Finland,desktop,1.0,0.0,1.0,0.0,2.0,734.0,0.0
106,/discos-smart-bogo-cart-upsell?locale=fr,20220506,(direct),Vietnam,desktop,1.0,1.0,1.0,100.0,1.0,0.0,0.0
107,/discos-smart-bogo-cart-upsell?locale=fr,20220506,landing page,Vietnam,desktop,1.0,1.0,1.0,0.0,1.0,2.0,1.0
108,/discos-smart-bogo-cart-upsell?locale=fr,20220510,google,France,tablet,1.0,1.0,1.0,0.0,3.0,289.0,0.0
109,/discos-smart-bogo-cart-upsell?locale=fr,20220513,admin,Martinique,desktop,1.0,0.0,1.0,100.0,1.0,0.0,0.0
110,/discos-smart-bogo-cart-upsell?locale=fr,20220527,(direct),Vietnam,desktop,1.0,1.0,1.0,100.0,1.0,0.0,0.0
111,/discos-smart-bogo-cart-upsell?locale=fr&surface_detail=BOGO+cart&surface_inter_position=1&surface_intra_position=4&surface_type=search,20220512,admin,Canada,desktop,1.0,0.0,1.0,100.0,1.0,0.0,0.0
112,/discos-smart-bogo-cart-upsell?locale=fr&surface_detail=buy+x+get+y&surface_inter_position=1&surface_intra_position=15&surface_type=search,20220505,landing page,France,desktop,1.0,0.0,1.0,0.0,1.0,18.0,1.0
113,/discos-smart-bogo-cart-upsell?locale=fr&surface_detail=buy+x+get+y&surface_inter_position=1&surface_intra_position=7&surface_type=search,20220517,admin,France,desktop,1.0,0.0,1.0,0.0,3.0,2536.0,1.0
114,/discos-smart-bogo-cart-upsell?locale=fr&surface_detail=buy+x+get+y&surface_inter_position=1&surface_intra_position=8&surface_type=search,20220528,(direct),Morocco,desktop,1.0,1.0,2.0,100.0,1.0,0.0,0.0
115,/discos-smart-bogo-cart-upsell?locale=fr&surface_detail=conversion&surface_inter_position=1&surface_intra_position=2&surface_type=category,20220510,(direct),Israel,desktop,1.0,1.0,1.0,100.0,1.0,0.0,0.0
116,/discos-smart-bogo-cart-upsell?locale=fr&surface_detail=menu+upsell&surface_inter_position=4&surface_intra_position=12&surface_type=search,20220514,facebook.com,France,desktop,1.0,0.0,1.0,100.0,1.0,0.0,0.0
117,/discos-smart-bogo-cart-upsell?locale=fr&surface_detail=one+click+upsell&surface_inter_position=1&surface_intra_position=16&surface_type=search,20220526,website,United Arab Emirates,desktop,1.0,0.0,1.0,100.0,1.0,0.0,0.0
118,/discos-smart-bogo-cart-upsell?locale=fr&surface_detail=tiered+discount&surface_inter_position=2&surface_intra_position=7&surface_type=search,20220527,(direct),France,desktop,1.0,1.0,1.0,100.0,1.0,0.0,0.0
119,/discos-smart-bogo-cart-upsell?locale=fr&surface_detail=upsell&surface_inter_position=1&surface_intra_position=20&surface_type=search,20220601,landing page,France,desktop,1.0,0.0,1.0,100.0,1.0,0.0,0.0
120,/discos-smart-bogo-cart-upsell?locale=fr&surface_detail=upsell+cart+drawer&surface_inter_position=3&surface_intra_position=18&surface_type=search,20220526,(direct),France,desktop,1.0,1.0,1.0,100.0,1.0,0.0,0.0
121,/discos-smart-bogo-cart-upsell?locale=it,20220512,admin,Italy,desktop,1.0,0.0,1.0,100.0,1.0,0.0,0.0
122,/discos-smart-bogo-cart-upsell?locale=it&surface_detail=bogo&surface_inter_position=2&surface_intra_position=6&surface_type=search,20220509,(direct),Italy,desktop,1.0,1.0,1.0,100.0,1.0,0.0,0.0
123,/discos-smart-bogo-cart-upsell?locale=it&surface_detail=buy+x+get+y&surface_inter_position=1&surface_intra_position=8&surface_type=search,20220525,(direct),Italy,desktop,1.0,1.0,1.0,0.0,1.0,1.0,1.0
124,/discos-smart-bogo-cart-upsell?locale=it&surface_detail=disco&surface_inter_position=1&surface_intra_position=6&surface_type=search,20220508,(direct),Italy,desktop,1.0,1.0,1.0,100.0,1.0,0.0,0.0
125,/discos-smart-bogo-cart-upsell?locale=it&surface_detail=recommended-for-you&surface_inter_position=2&surface_intra_position=1&surface_type=home,20220505,landing page,Italy,desktop,1.0,0.0,1.0,100.0,1.0,0.0,0.0
126,/discos-smart-bogo-cart-upsell?locale=ja,20220506,landing page,Vietnam,desktop,1.0,0.0,1.0,100.0,1.0,0.0,0.0
127,/discos-smart-bogo-cart-upsell?locale=ja,20220507,admin,Japan,desktop,1.0,1.0,3.0,66.66666666666666,1.6666666666666667,515.3333333333334,0.0
128,/discos-smart-bogo-cart-upsell?locale=ja&surface_detail=customer+discount&surface_inter_position=1&surface_intra_position=16&surface_type=search,20220512,admin,Japan,desktop,1.0,0.0,1.0,100.0,1.0,0.0,0.0
129,/discos-smart-bogo-cart-upsell?locale=nl,20220511,admin,Netherlands,desktop,1.0,0.0,1.0,100.0,1.0,0.0,0.0
130,/discos-smart-bogo-cart-upsell?locale=nl&surface_detail=BOGO&surface_inter_position=1&surface_intra_position=16&surface_type=search,20220531,(direct),Netherlands,desktop,1.0,1.0,1.0,0.0,1.0,24.0,1.0
131,/discos-smart-bogo-cart-upsell?locale=nl&surface_detail=cart+upsell&surface_inter_position=1&surface_intra_position=19&surface_type=search,20220512,(direct),United States,desktop,1.0,1.0,1.0,100.0,1.0,0.0,0.0
132,/discos-smart-bogo-cart-upsell?locale=nl&surface_detail=conversion-upselling-and-cross-selling&surface_inter_position=1&surface_intra_position=2&surface_type=category,20220516,(direct),Netherlands,desktop,1.0,1.0,1.0,100.0,1.0,0.0,0.0
133,/discos-smart-bogo-cart-upsell?locale=nl&surface_detail=conversion-upselling-and-cross-selling&surface_inter_position=1&surface_intra_position=2&surface_type=subcategory,20220518,admin,Netherlands,desktop,1.0,0.0,1.0,100.0,1.0,0.0,0.0
134,/discos-smart-bogo-cart-upsell?locale=nl&surface_detail=Promo&surface_inter_position=3&surface_intra_position=7&surface_type=search,20220526,(direct),Netherlands,desktop,1.0,1.0,1.0,100.0,1.0,0.0,0.0
135,/discos-smart-bogo-cart-upsell?locale=pt-BR&surface_detail=12x&surface_inter_position=1&surface_intra_position=4&surface_type=search,20220516,(direct),Brazil,desktop,1.0,1.0,1.0,100.0,1.0,0.0,0.0
136,/discos-smart-bogo-cart-upsell?locale=pt-BR&surface_detail=buy+x+get+y&surface_inter_position=1&surface_intra_position=8&surface_type=search,20220527,(direct),Brazil,desktop,1.0,1.0,1.0,0.0,1.0,29.0,1.0
137,/discos-smart-bogo-cart-upsell?locale=pt-BR&surface_detail=cart+upsell&surface_inter_position=1&surface_intra_position=18&surface_type=search,20220530,(direct),Brazil,desktop,1.0,1.0,1.0,100.0,1.0,0.0,0.0
138,/discos-smart-bogo-cart-upsell?locale=pt-BR&surface_detail=cart+upsell&surface_inter_position=2&surface_intra_position=18&surface_type=search,20220506,landing page,Brazil,desktop,1.0,0.0,2.0,0.0,1.0,240.5,2.0
139,/discos-smart-bogo-cart-upsell?locale=tr,20220515,admin,Turkey,desktop,1.0,0.0,1.0,0.0,2.0,22.0,0.0
140,/discos-smart-bogo-cart-upsell?locale=tr,20220527,google,Vietnam,desktop,1.0,0.0,1.0,100.0,1.0,0.0,0.0
141,/discos-smart-bogo-cart-upsell?locale=tr&surface_detail=buy+x+get+y&surface_inter_position=1&surface_intra_position=10&surface_type=search,20220511,(direct),Turkey,desktop,1.0,1.0,1.0,0.0,2.0,77.0,1.0
142,/discos-smart-bogo-cart-upsell?locale=tr&surface_detail=buy+x+get+y&surface_inter_position=1&surface_intra_position=8&surface_type=search,20220602,(direct),Turkey,desktop,1.0,1.0,1.0,0.0,1.0,25.0,1.0
143,/discos-smart-bogo-cart-upsell?locale=tr&surface_detail=conversion&surface_inter_position=2&surface_intra_position=17&surface_type=category,20220526,website,Turkey,desktop,1.0,0.0,1.0,100.0,1.0,0.0,0.0
144,/discos-smart-bogo-cart-upsell?locale=tr&surface_detail=conversion&surface_inter_position=2&surface_intra_position=17&surface_type=category,20220530,website,Turkey,desktop,1.0,0.0,1.0,100.0,1.0,0.0,0.0
145,/discos-smart-bogo-cart-upsell?locale=zh-CN,20220513,admin,Taiwan,desktop,1.0,0.0,1.0,0.0,1.0,52.0,1.0
146,/discos-smart-bogo-cart-upsell?locale=zh-CN,20220513,admin,United States,desktop,1.0,1.0,1.0,100.0,1.0,0.0,0.0
147,/discos-smart-bogo-cart-upsell?locale=zh-CN,20220516,(direct),Hong Kong,mobile,1.0,1.0,1.0,100.0,1.0,0.0,0.0
148,/discos-smart-bogo-cart-upsell?locale=zh-CN&surface_detail=bogo+bundle&surface_inter_position=2&surface_intra_position=8&surface_type=search,20220528,website,Hong Kong,mobile,1.0,0.0,1.0,0.0,2.0,210.0,0.0
149,/discos-smart-bogo-cart-upsell?locale=zh-CN&surface_detail=bogo+onpage&surface_inter_position=1&surface_intra_position=13&surface_type=search,20220528,(direct),Hong Kong,desktop,1.0,1.0,1.0,100.0,1.0,0.0,0.0
150,/discos-smart-bogo-cart-upsell?locale=zh-CN&surface_detail=cart upsell&surface_inter_position=1&surface_intra_position=15&surface_type=search,20220525,(direct),China,desktop,1.0,1.0,2.0,100.0,1.0,0.0,0.0
151,/discos-smart-bogo-cart-upsell?locale=zh-CN&surface_detail=conversion&surface_inter_position=1&surface_intra_position=31&surface_type=collection,20220518,(direct),China,desktop,1.0,1.0,1.0,100.0,1.0,0.0,0.0
152,/discos-smart-bogo-cart-upsell?locale=zh-TW&surface_detail=buy+x+get+y&surface_inter_position=1&surface_intra_position=10&surface_type=search,20220510,l.facebook.com,Taiwan,desktop,1.0,0.0,1.0,0.0,2.0,141.0,1.0
153,/discos-smart-bogo-cart-upsell?st_source=autocomplete,20220506,(direct),Vietnam,desktop,1.0,1.0,1.0,0.0,2.0,429.0,0.0
154,/discos-smart-bogo-cart-upsell?st_source=autocomplete,20220506,lm.facebook.com,India,mobile,1.0,1.0,1.0,100.0,1.0,0.0,0.0
155,/discos-smart-bogo-cart-upsell?st_source=autocomplete,20220511,getresponse,Vietnam,desktop,1.0,0.0,3.0,33.33333333333333,2.3333333333333335,477.3333333333333,0.0
156,/discos-smart-bogo-cart-upsell?st_source=autocomplete,20220511,landing page,Hungary,desktop,1.0,0.0,1.0,100.0,1.0,0.0,0.0
157,/discos-smart-bogo-cart-upsell?st_source=autocomplete,20220512,admin,Vietnam,desktop,1.0,0.0,2.0,100.0,1.0,0.0,0.0
158,/discos-smart-bogo-cart-upsell?st_source=autocomplete,20220518,admin,Vietnam,desktop,1.0,0.0,1.0,100.0,1.0,0.0,0.0
159,/discos-smart-bogo-cart-upsell?st_source=autocomplete,20220519,lm.facebook.com,Vietnam,mobile,1.0,1.0,1.0,100.0,1.0,0.0,0.0
160,/discos-smart-bogo-cart-upsell?st_source=autocomplete,20220525,slack_partner_leauge,Vietnam,desktop,1.0,0.0,1.0,100.0,1.0,0.0,0.0
161,/discos-smart-bogo-cart-upsell?st_source=autocomplete,20220526,website,Vietnam,desktop,1.0,0.0,1.0,100.0,1.0,0.0,0.0
162,/discos-smart-bogo-cart-upsell?st_source=autocomplete,20220527,getresponse,Vietnam,desktop,1.0,0.0,1.0,0.0,2.0,6.0,0.0
163,/discos-smart-bogo-cart-upsell?st_source=autocomplete,20220528,google,Vietnam,desktop,1.0,0.0,1.0,0.0,2.0,17.0,0.0
164,/discos-smart-bogo-cart-upsell?st_source=autocomplete,20220528,website,Vietnam,desktop,1.0,0.0,1.0,100.0,1.0,0.0,0.0
165,/discos-smart-bogo-cart-upsell?st_source=autocomplete,20220529,website,Vietnam,desktop,1.0,0.0,2.0,50.0,1.5,125.0,2.0
166,/discos-smart-bogo-cart-upsell?st_source=autocomplete,20220530,(direct),Singapore,desktop,1.0,1.0,1.0,100.0,1.0,0.0,0.0
167,/discos-smart-bogo-cart-upsell?st_source=autocomplete,20220530,google,Vietnam,desktop,1.0,0.0,1.0,100.0,1.0,0.0,0.0
168,/discos-smart-bogo-cart-upsell?st_source=autocomplete,20220530,website,Vietnam,desktop,1.0,0.0,1.0,0.0,1.0,2.0,1.0
169,/discos-smart-bogo-cart-upsell?st_source=autocomplete,20220601,(direct),Vietnam,desktop,1.0,1.0,1.0,100.0,1.0,0.0,0.0
170,/discos-smart-bogo-cart-upsell?st_source=autocomplete,20220601,google,Vietnam,desktop,2.0,0.0,3.0,66.66666666666666,1.3333333333333333,2.6666666666666665,0.0
171,/discos-smart-bogo-cart-upsell?st_source=autocomplete,20220602,(direct),Philippines,desktop,1.0,0.0,1.0,0.0,1.0,2.0,1.0
172,/discos-smart-bogo-cart-upsell?st_source=autocomplete&fbclid=IwAR0_us18ctBu71s8xDyCkAePAL-S7lCDBDe8zhMjDZKfWOz-Z1BjwDQm7nE,20220506,facebook.com,Indonesia,desktop,1.0,1.0,1.0,100.0,1.0,0.0,0.0
173,/discos-smart-bogo-cart-upsell?st_source=autocomplete&fbclid=IwAR0aCF27ZjIGU7sN3XSXcTcqD9jbwLVnkUALQsY2QTUcvvx0auficiGV_DY,20220506,m.facebook.com,Belgium,mobile,1.0,1.0,1.0,100.0,1.0,0.0,0.0
174,/discos-smart-bogo-cart-upsell?st_source=autocomplete&fbclid=IwAR0aEFsezezU9-a3wIaZ5SJflqQtoSAkOUm4w_3R8SFgq2O1jJ1hLhHnskQ,20220514,facebook.com,United States,desktop,1.0,0.0,1.0,100.0,1.0,0.0,0.0
175,/discos-smart-bogo-cart-upsell?st_source=autocomplete&fbclid=IwAR0aKozuhXimkk5CGHFUa9U0RoXjQzMQX548CyVsADQxSa-EHiQV0HSfuzQ,20220509,l.facebook.com,Australia,desktop,1.0,1.0,1.0,100.0,1.0,0.0,0.0
176,/discos-smart-bogo-cart-upsell?st_source=autocomplete&fbclid=IwAR0gUdk1kKaXYCIm_Zy7guMH-9DcK-mwSb93Um6UYXANairkjXXi-B0HGrA,20220506,m.facebook.com,Vietnam,mobile,1.0,1.0,1.0,100.0,1.0,0.0,0.0
177,/discos-smart-bogo-cart-upsell?st_source=autocomplete&fbclid=IwAR0JrTmZpgX53f9lsnCHMahR2vEV9Mwg6Iayqs7arkppcy0Q0g6FT4s3tUY,20220508,m.facebook.com,Finland,mobile,1.0,1.0,1.0,100.0,1.0,0.0,0.0
178,/discos-smart-bogo-cart-upsell?st_source=autocomplete&fbclid=IwAR0qcyevN38uX6VHB7rCwYXyNVgldC5OBC1WNCA7cHScr32xc0SPxcR2yvo,20220510,l.facebook.com,India,desktop,1.0,0.0,1.0,100.0,1.0,0.0,0.0
179,/discos-smart-bogo-cart-upsell?st_source=autocomplete&fbclid=IwAR1853vJ54DJBMIP2u-ycfLgpEvq4BhaLRgMF7ra-WQfk8ZVjacryTm2yco,20220518,m.facebook.com,Egypt,mobile,1.0,1.0,1.0,100.0,1.0,0.0,0.0
180,/discos-smart-bogo-cart-upsell?st_source=autocomplete&fbclid=IwAR1ccw9wZHxHBecHbu9OKSlSgMU8YlybKqrra11VUqUHsevrQwp6ZobtQUU,20220508,m.facebook.com,United Kingdom,mobile,1.0,1.0,1.0,100.0,1.0,0.0,0.0
181,/discos-smart-bogo-cart-upsell?st_source=autocomplete&fbclid=IwAR1V79KMQeWB5Jef4WZdEYI7kFOkfSlh-Zvuh7ViosmRkHtSg_5vesTgJBU,20220508,m.facebook.com,United States,mobile,1.0,1.0,1.0,100.0,1.0,0.0,0.0
182,/discos-smart-bogo-cart-upsell?st_source=autocomplete&fbclid=IwAR2tDdRJtSZ5cvb5W1PqLkpy5GVYPZoIbCOguMs6qMlABDUblmJmYkqVIY4,20220506,m.facebook.com,Egypt,mobile,1.0,1.0,1.0,100.0,1.0,0.0,0.0
183,/discos-smart-bogo-cart-upsell?st_source=autocomplete&fbclid=IwAR3mqL7j6W9dHEp3DzzQvqVD5fGggAR9dmRqgrXAhOgAodZhhybv7TzH9sU,20220506,m.facebook.com,Vietnam,mobile,1.0,1.0,1.0,100.0,1.0,0.0,0.0
184,/discos-smart-bogo-cart-upsell?st_source=autocomplete&fbclid=IwAR3ro1RO-A-yT4z27PH5eRByoSX__ipwbfIpOTjK-IW51Lu9EnDPBQqx5hM,20220506,l.facebook.com,India,desktop,1.0,0.0,1.0,100.0,1.0,0.0,0.0
185,/discos-smart-bogo-cart-upsell?st_source=email_EF3-5-1,20220513,getresponse,Vietnam,desktop,1.0,0.0,1.0,0.0,9.0,1263.0,0.0
186,/discos-smart-bogo-cart-upsell?st_source=email_EP5-1-1,20220511,getresponse,Vietnam,desktop,1.0,0.0,1.0,0.0,7.0,1954.0,0.0
187,/discos-smart-bogo-cart-upsell?st_source=email_EP5-1-1,20220513,(direct),United States,desktop,3.0,3.0,3.0,100.0,1.0,0.0,0.0
188,/discos-smart-bogo-cart-upsell?surface_detail=all&surface_inter_position=2&surface_intra_position=10&surface_type=category,20220505,landing page,India,desktop,1.0,0.0,1.0,0.0,2.0,322.0,0.0
189,/discos-smart-bogo-cart-upsell?surface_detail=all&surface_inter_position=3&surface_intra_position=24&surface_type=category,20220510,(direct),India,desktop,1.0,1.0,1.0,100.0,1.0,0.0,0.0
190,/discos-smart-bogo-cart-upsell?surface_detail=all&surface_inter_position=9&surface_intra_position=9&surface_type=category,20220525,(direct),Bangladesh,desktop,1.0,1.0,1.0,100.0,1.0,0.0,0.0
191,/discos-smart-bogo-cart-upsell?surface_detail=bogo&surface_inter_position=1&surface_intra_position=11&surface_type=search,20220516,(direct),United States,desktop,1.0,1.0,2.0,100.0,1.0,0.0,0.0
192,/discos-smart-bogo-cart-upsell?surface_detail=bogo&surface_inter_position=1&surface_intra_position=12&surface_type=search,20220516,google,Vietnam,desktop,1.0,0.0,1.0,100.0,1.0,0.0,0.0
193,/discos-smart-bogo-cart-upsell?surface_detail=bogo&surface_inter_position=1&surface_intra_position=12&surface_type=search,20220517,(direct),Philippines,desktop,1.0,1.0,1.0,0.0,1.0,24.0,1.0
194,/discos-smart-bogo-cart-upsell?surface_detail=bogo&surface_inter_position=1&surface_intra_position=12&surface_type=search,20220525,slack_partner_leauge,New Zealand,desktop,1.0,0.0,1.0,100.0,1.0,0.0,0.0
195,/discos-smart-bogo-cart-upsell?surface_detail=bogo&surface_inter_position=1&surface_intra_position=12&surface_type=search,20220530,(direct),Australia,desktop,1.0,1.0,1.0,100.0,1.0,0.0,0.0
196,/discos-smart-bogo-cart-upsell?surface_detail=bogo&surface_inter_position=1&surface_intra_position=12&surface_type=search,20220601,(direct),United States,desktop,1.0,1.0,1.0,0.0,1.0,19.0,1.0
197,/discos-smart-bogo-cart-upsell?surface_detail=Bogo&surface_inter_position=1&surface_intra_position=12&surface_type=search,20220526,(direct),United States,mobile,1.0,1.0,1.0,0.0,1.0,32.0,1.0
198,/discos-smart-bogo-cart-upsell?surface_detail=BOGO&surface_inter_position=1&surface_intra_position=12&surface_type=search,20220601,(direct),Saudi Arabia,desktop,1.0,1.0,1.0,100.0,1.0,0.0,0.0
199,/discos-smart-bogo-cart-upsell?surface_detail=bogo&surface_inter_position=1&surface_intra_position=13&surface_type=search,20220513,google,Vietnam,desktop,1.0,0.0,1.0,100.0,1.0,0.0,0.0
200,/discos-smart-bogo-cart-upsell?surface_detail=bogo&surface_inter_position=1&surface_intra_position=13&surface_type=search,20220516,(direct),India,desktop,1.0,1.0,1.0,0.0,1.0,11.0,1.0
201,/discos-smart-bogo-cart-upsell?surface_detail=bogo&surface_inter_position=1&surface_intra_position=13&surface_type=search,20220601,(direct),Vietnam,desktop,1.0,0.0,2.0,100.0,1.0,0.0,0.0
202,/discos-smart-bogo-cart-upsell?surface_detail=bogo&surface_inter_position=1&surface_intra_position=13&surface_type=search,20220602,(direct),United States,desktop,1.0,1.0,1.0,100.0,1.0,0.0,0.0
203,/discos-smart-bogo-cart-upsell?surface_detail=Bogo&surface_inter_position=1&surface_intra_position=13&surface_type=search,20220511,(direct),Vietnam,mobile,1.0,1.0,1.0,100.0,1.0,0.0,0.0
204,/discos-smart-bogo-cart-upsell?surface_detail=Bogo&surface_inter_position=1&surface_intra_position=13&surface_type=search,20220512,(direct),Indonesia,mobile,1.0,1.0,1.0,100.0,1.0,0.0,0.0
205,/discos-smart-bogo-cart-upsell?surface_detail=Bogo&surface_inter_position=1&surface_intra_position=13&surface_type=search,20220512,(direct),Vietnam,mobile,1.0,0.0,2.0,100.0,1.0,0.0,0.0
206,/discos-smart-bogo-cart-upsell?surface_detail=Bogo&surface_inter_position=1&surface_intra_position=13&surface_type=search,20220513,(direct),Vietnam,mobile,1.0,1.0,1.0,100.0,1.0,0.0,0.0
207,/discos-smart-bogo-cart-upsell?surface_detail=bogo&surface_inter_position=1&surface_intra_position=14&surface_type=search,20220512,(direct),Indonesia,desktop,1.0,1.0,1.0,0.0,1.0,39.0,1.0
208,/discos-smart-bogo-cart-upsell?surface_detail=bogo&surface_inter_position=1&surface_intra_position=14&surface_type=search,20220516,google,Vietnam,desktop,1.0,0.0,1.0,0.0,8.0,345.0,5.0
209,/discos-smart-bogo-cart-upsell?surface_detail=bogo&surface_inter_position=1&surface_intra_position=14&surface_type=search,20220517,l.facebook.com,Latvia,desktop,1.0,0.0,1.0,0.0,3.0,2405.0,3.0
210,/discos-smart-bogo-cart-upsell?surface_detail=bogo&surface_inter_position=1&surface_intra_position=14&surface_type=search,20220517,l.facebook.com,Turkey,desktop,1.0,0.0,1.0,100.0,1.0,0.0,0.0
211,/discos-smart-bogo-cart-upsell?surface_detail=bogo&surface_inter_position=1&surface_intra_position=14&surface_type=search,20220525,website,United States,desktop,1.0,0.0,1.0,0.0,1.0,23.0,1.0
212,/discos-smart-bogo-cart-upsell?surface_detail=bogo&surface_inter_position=1&surface_intra_position=14&surface_type=search,20220602,(direct),Philippines,desktop,1.0,1.0,1.0,100.0,1.0,0.0,0.0
213,/discos-smart-bogo-cart-upsell?surface_detail=bogo&surface_inter_position=1&surface_intra_position=14&surface_type=search,20220602,(direct),Vietnam,desktop,1.0,0.0,1.0,0.0,2.0,8.0,0.0
214,/discos-smart-bogo-cart-upsell?surface_detail=bogo&surface_inter_position=1&surface_intra_position=15&surface_type=search,20220513,getresponse,Vietnam,desktop,1.0,0.0,1.0,100.0,1.0,0.0,0.0
215,/discos-smart-bogo-cart-upsell?surface_detail=bogo&surface_inter_position=1&surface_intra_position=15&surface_type=search,20220514,google,Vietnam,desktop,1.0,0.0,1.0,100.0,1.0,0.0,0.0
216,/discos-smart-bogo-cart-upsell?surface_detail=bogo&surface_inter_position=1&surface_intra_position=15&surface_type=search,20220526,(direct),Hong Kong,desktop,1.0,0.0,1.0,100.0,1.0,0.0,0.0
217,/discos-smart-bogo-cart-upsell?surface_detail=bogo&surface_inter_position=1&surface_intra_position=15&surface_type=search,20220526,(direct),Mexico,desktop,1.0,1.0,1.0,0.0,1.0,41.0,1.0
218,/discos-smart-bogo-cart-upsell?surface_detail=bogo&surface_inter_position=1&surface_intra_position=15&surface_type=search,20220527,(direct),Singapore,desktop,1.0,1.0,1.0,0.0,1.0,1732.0,1.0
219,/discos-smart-bogo-cart-upsell?surface_detail=bogo&surface_inter_position=1&surface_intra_position=15&surface_type=search,20220527,website,India,desktop,1.0,0.0,1.0,0.0,1.0,27.0,1.0
220,/discos-smart-bogo-cart-upsell?surface_detail=bogo&surface_inter_position=1&surface_intra_position=15&surface_type=search,20220527,website,Vietnam,desktop,1.0,0.0,2.0,100.0,1.0,0.0,0.0
221,/discos-smart-bogo-cart-upsell?surface_detail=bogo&surface_inter_position=1&surface_intra_position=15&surface_type=search,20220528,website,India,desktop,1.0,0.0,1.0,0.0,1.0,207.0,1.0
222,/discos-smart-bogo-cart-upsell?surface_detail=bogo&surface_inter_position=1&surface_intra_position=15&surface_type=search,20220529,(direct),United States,desktop,1.0,1.0,1.0,100.0,1.0,0.0,0.0
223,/discos-smart-bogo-cart-upsell?surface_detail=bogo&surface_inter_position=1&surface_intra_position=15&surface_type=search,20220530,website,Vietnam,desktop,1.0,0.0,1.0,100.0,1.0,0.0,0.0
224,/discos-smart-bogo-cart-upsell?surface_detail=bogo&surface_inter_position=1&surface_intra_position=15&surface_type=search,20220531,(direct),Vietnam,desktop,1.0,0.0,1.0,100.0,1.0,0.0,0.0
225,/discos-smart-bogo-cart-upsell?surface_detail=bogo&surface_inter_position=1&surface_intra_position=15&surface_type=search,20220531,landing page,Vietnam,desktop,1.0,0.0,1.0,0.0,6.0,2061.0,0.0
226,/discos-smart-bogo-cart-upsell?surface_detail=BOGO&surface_inter_position=1&surface_intra_position=15&surface_type=search,20220528,(direct),Panama,desktop,1.0,1.0,1.0,0.0,1.0,36.0,1.0
227,/discos-smart-bogo-cart-upsell?surface_detail=bogo&surface_inter_position=1&surface_intra_position=16&surface_type=search,20220511,(direct),Vietnam,desktop,1.0,0.0,2.0,50.0,2.5,926.5,0.0
228,/discos-smart-bogo-cart-upsell?surface_detail=bogo&surface_inter_position=1&surface_intra_position=16&surface_type=search,20220512,admin,Vietnam,desktop,1.0,0.0,1.0,100.0,1.0,0.0,0.0
229,/discos-smart-bogo-cart-upsell?surface_detail=bogo&surface_inter_position=1&surface_intra_position=16&surface_type=search,20220512,google,Vietnam,desktop,1.0,0.0,1.0,0.0,2.0,438.0,0.0
230,/discos-smart-bogo-cart-upsell?surface_detail=Bogo&surface_inter_position=1&surface_intra_position=16&surface_type=search,20220510,(direct),Vietnam,mobile,1.0,0.0,1.0,100.0,1.0,0.0,0.0
231,/discos-smart-bogo-cart-upsell?surface_detail=Bogo&surface_inter_position=1&surface_intra_position=16&surface_type=search&fbclid=IwAR3Mi_7zhI43ahWnVgiGtCVr6ShpUrdlSp1EhYz8SzdGoCW_zS0JpE3PDkI,20220510,l.facebook.com,Vietnam,desktop,1.0,0.0,1.0,0.0,2.0,51.0,0.0
232,/discos-smart-bogo-cart-upsell?surface_detail=bogo&surface_inter_position=1&surface_intra_position=18&surface_type=search,20220511,(direct),Vietnam,desktop,1.0,1.0,1.0,100.0,1.0,0.0,0.0
233,/discos-smart-bogo-cart-upsell?surface_detail=bogo&surface_inter_position=1&surface_intra_position=19&surface_type=search,20220510,(direct),Vietnam,desktop,1.0,0.0,4.0,100.0,1.0,0.0,0.0
234,/discos-smart-bogo-cart-upsell?surface_detail=bogo&surface_inter_position=1&surface_intra_position=19&surface_type=search,20220511,(direct),United States,desktop,2.0,1.0,2.0,50.0,1.0,215.0,1.0
235,/discos-smart-bogo-cart-upsell?surface_detail=bogo&surface_inter_position=1&surface_intra_position=20&surface_type=search,20220510,(direct),United States,desktop,1.0,1.0,1.0,100.0,1.0,0.0,0.0
236,/discos-smart-bogo-cart-upsell?surface_detail=bogo&surface_inter_position=2&surface_intra_position=4&surface_type=search,20220505,(direct),Vietnam,desktop,1.0,0.0,2.0,100.0,1.0,0.0,0.0
237,/discos-smart-bogo-cart-upsell?surface_detail=bogo&surface_inter_position=2&surface_intra_position=7&surface_type=search,20220505,getresponse,Vietnam,desktop,1.0,0.0,1.0,0.0,2.0,454.0,0.0
238,/discos-smart-bogo-cart-upsell?surface_detail=bogo&surface_inter_position=2&surface_intra_position=7&surface_type=search,20220506,(direct),United States,desktop,1.0,1.0,1.0,100.0,1.0,0.0,0.0
239,/discos-smart-bogo-cart-upsell?surface_detail=bogo&surface_inter_position=2&surface_intra_position=7&surface_type=search,20220506,(direct),Vietnam,desktop,2.0,1.0,2.0,100.0,1.0,0.0,0.0
240,/discos-smart-bogo-cart-upsell?surface_detail=bogo&surface_inter_position=2&surface_intra_position=7&surface_type=search,20220508,(direct),Vietnam,desktop,1.0,0.0,1.0,100.0,1.0,0.0,0.0
241,/discos-smart-bogo-cart-upsell?surface_detail=BOGO+buy+x+get+y&surface_inter_position=1&surface_intra_position=8&surface_type=search,20220602,google,United States,desktop,1.0,0.0,1.0,0.0,2.0,126.0,1.0
242,/discos-smart-bogo-cart-upsell?surface_detail=bogo+offer&surface_inter_position=1&surface_intra_position=26&surface_type=search,20220514,facebook.com,United States,desktop,1.0,0.0,1.0,100.0,1.0,0.0,0.0
243,/discos-smart-bogo-cart-upsell?surface_detail=bogo+sales&surface_inter_position=4&surface_intra_position=23&surface_type=search,20220506,(direct),United States,desktop,1.0,0.0,1.0,100.0,1.0,0.0,0.0
244,/discos-smart-bogo-cart-upsell?surface_detail=bogof&surface_inter_position=1&surface_intra_position=12&surface_type=search,20220509,google,United Kingdom,desktop,1.0,0.0,1.0,0.0,1.0,194.0,1.0
245,/discos-smart-bogo-cart-upsell?surface_detail=bogof&surface_inter_position=1&surface_intra_position=9&surface_type=search,20220517,(direct),United Kingdom,desktop,1.0,1.0,1.0,0.0,2.0,117.0,0.0
246,/discos-smart-bogo-cart-upsell?surface_detail=boyo&surface_inter_position=1&surface_intra_position=5&surface_type=search,20220511,admin,New Zealand,desktop,1.0,0.0,1.0,0.0,1.0,23.0,1.0
247,/discos-smart-bogo-cart-upsell?surface_detail=buy+one+get+one&surface_inter_position=1&surface_intra_position=27&surface_type=search,20220602,(direct),Philippines,desktop,1.0,1.0,1.0,0.0,2.0,537.0,0.0
248,/discos-smart-bogo-cart-upsell?surface_detail=buy+one+get+one&surface_inter_position=2&surface_intra_position=9&surface_type=search,20220530,(direct),India,desktop,1.0,1.0,1.0,0.0,1.0,53.0,1.0
249,/discos-smart-bogo-cart-upsell?surface_detail=buy+one+get+one+$&surface_inter_position=2&surface_intra_position=26&surface_type=search,20220508,(direct),United States,desktop,1.0,1.0,1.0,0.0,1.0,12.0,1.0
250,/discos-smart-bogo-cart-upsell?surface_detail=buy+x&surface_inter_position=1&surface_intra_position=10&surface_type=search,20220518,(direct),Faroe Islands,desktop,1.0,1.0,1.0,100.0,1.0,0.0,0.0
251,/discos-smart-bogo-cart-upsell?surface_detail=buy+x+get+y&surface_inter_position=1&surface_intra_position=10&surface_type=search,20220514,(direct),Turkey,desktop,1.0,1.0,1.0,100.0,1.0,0.0,0.0
252,/discos-smart-bogo-cart-upsell?surface_detail=buy+x+get+y&surface_inter_position=1&surface_intra_position=10&surface_type=search,20220517,l.facebook.com,United States,desktop,1.0,0.0,1.0,100.0,1.0,0.0,0.0
253,/discos-smart-bogo-cart-upsell?surface_detail=buy+x+get+y&surface_inter_position=1&surface_intra_position=10&surface_type=search,20220518,admin,Philippines,desktop,1.0,0.0,1.0,0.0,1.0,427.0,1.0
254,/discos-smart-bogo-cart-upsell?surface_detail=buy+x+get+y&surface_inter_position=1&surface_intra_position=10&surface_type=search,20220518,admin,United States,desktop,1.0,0.0,1.0,100.0,1.0,0.0,0.0
255,/discos-smart-bogo-cart-upsell?surface_detail=buy+x+get+y&surface_inter_position=1&surface_intra_position=10&surface_type=search,20220525,slack_partner_leauge,United States,desktop,1.0,0.0,1.0,0.0,1.0,5.0,1.0
256,/discos-smart-bogo-cart-upsell?surface_detail=buy+x+get+y&surface_inter_position=1&surface_intra_position=10&surface_type=search,20220525,website,Philippines,desktop,1.0,0.0,1.0,0.0,1.0,19.0,1.0
257,/discos-smart-bogo-cart-upsell?surface_detail=buy+x+get+y&surface_inter_position=1&surface_intra_position=10&surface_type=search,20220526,(direct),Tunisia,desktop,1.0,1.0,1.0,100.0,1.0,0.0,0.0
258,/discos-smart-bogo-cart-upsell?surface_detail=buy+x+get+y&surface_inter_position=1&surface_intra_position=10&surface_type=search,20220526,(direct),United Kingdom,desktop,1.0,1.0,1.0,0.0,2.0,1724.0,0.0
259,/discos-smart-bogo-cart-upsell?surface_detail=buy+x+get+y&surface_inter_position=1&surface_intra_position=10&surface_type=search,20220526,(direct),United States,desktop,1.0,1.0,1.0,0.0,1.0,45.0,1.0
260,/discos-smart-bogo-cart-upsell?surface_detail=buy+x+get+y&surface_inter_position=1&surface_intra_position=10&surface_type=search,20220526,website,United States,desktop,1.0,0.0,1.0,0.0,2.0,200.0,0.0
261,/discos-smart-bogo-cart-upsell?surface_detail=buy+x+get+y&surface_inter_position=1&surface_intra_position=12&surface_type=search,20220510,(direct),Australia,desktop,1.0,1.0,1.0,100.0,1.0,0.0,0.0
262,/discos-smart-bogo-cart-upsell?surface_detail=buy+x+get+y&surface_inter_position=1&surface_intra_position=12&surface_type=search,20220510,l.facebook.com,United States,desktop,1.0,0.0,1.0,100.0,1.0,0.0,0.0
263,/discos-smart-bogo-cart-upsell?surface_detail=buy+x+get+y&surface_inter_position=1&surface_intra_position=21&surface_type=search,20220505,(direct),India,desktop,1.0,1.0,1.0,100.0,1.0,0.0,0.0
264,/discos-smart-bogo-cart-upsell?surface_detail=buy+x+get+y&surface_inter_position=1&surface_intra_position=21&surface_type=search,20220505,(direct),Myanmar (Burma),desktop,1.0,1.0,1.0,0.0,1.0,18.0,1.0
265,/discos-smart-bogo-cart-upsell?surface_detail=buy+x+get+y&surface_inter_position=1&surface_intra_position=6&surface_type=search,20220516,(direct),India,desktop,1.0,1.0,1.0,0.0,1.0,23.0,1.0
266,/discos-smart-bogo-cart-upsell?surface_detail=buy+x+get+y&surface_inter_position=1&surface_intra_position=7&surface_type=search,20220516,admin,India,desktop,1.0,0.0,1.0,100.0,1.0,0.0,0.0
267,/discos-smart-bogo-cart-upsell?surface_detail=buy+x+get+y&surface_inter_position=1&surface_intra_position=7&surface_type=search,20220528,(direct),Canada,desktop,1.0,1.0,1.0,100.0,1.0,0.0,0.0
268,/discos-smart-bogo-cart-upsell?surface_detail=buy+x+get+y&surface_inter_position=1&surface_intra_position=7&surface_type=search,20220602,google,United States,desktop,1.0,0.0,1.0,0.0,1.0,53.0,1.0
269,/discos-smart-bogo-cart-upsell?surface_detail=buy+x+get+y&surface_inter_position=1&surface_intra_position=8&surface_type=search,20220511,(direct),Canada,desktop,1.0,1.0,1.0,0.0,2.0,344.0,0.0
270,/discos-smart-bogo-cart-upsell?surface_detail=cart+drawer&surface_inter_position=7&surface_intra_position=17&surface_type=search,20220518,(direct),India,desktop,1.0,1.0,1.0,100.0,1.0,0.0,0.0
271,/discos-smart-bogo-cart-upsell?surface_detail=cart+upsell&surface_inter_position=1&surface_intra_position=15&surface_type=search,20220516,(direct),China,desktop,1.0,1.0,1.0,100.0,1.0,0.0,0.0
272,/discos-smart-bogo-cart-upsell?surface_detail=cart+upsell&surface_inter_position=1&surface_intra_position=16&surface_type=search,20220516,(direct),Ukraine,desktop,1.0,1.0,1.0,0.0,1.0,5.0,1.0
273,/discos-smart-bogo-cart-upsell?surface_detail=cart+upsell&surface_inter_position=1&surface_intra_position=16&surface_type=search,20220527,website,Canada,desktop,1.0,0.0,1.0,100.0,1.0,0.0,0.0
274,/discos-smart-bogo-cart-upsell?surface_detail=cart+upsell&surface_inter_position=1&surface_intra_position=16&surface_type=search,20220528,website,United States,desktop,1.0,0.0,1.0,100.0,1.0,0.0,0.0
275,/discos-smart-bogo-cart-upsell?surface_detail=cart+upsell&surface_inter_position=1&surface_intra_position=16&surface_type=search,20220531,landing page,India,desktop,1.0,0.0,1.0,100.0,1.0,0.0,0.0
276,/discos-smart-bogo-cart-upsell?surface_detail=cart+upsell&surface_inter_position=1&surface_intra_position=17&surface_type=search,20220518,(direct),Canada,desktop,1.0,1.0,1.0,100.0,1.0,0.0,0.0
277,/discos-smart-bogo-cart-upsell?surface_detail=cart+upsell&surface_inter_position=1&surface_intra_position=17&surface_type=search,20220601,landing page,Bangladesh,desktop,1.0,0.0,1.0,0.0,6.0,428.0,3.0
278,/discos-smart-bogo-cart-upsell?surface_detail=cart+upsell&surface_inter_position=1&surface_intra_position=18&surface_type=search,20220527,website,India,desktop,1.0,0.0,1.0,100.0,1.0,0.0,0.0
279,/discos-smart-bogo-cart-upsell?surface_detail=cart+upsell&surface_inter_position=1&surface_intra_position=19&surface_type=search,20220513,admin,Philippines,desktop,1.0,0.0,1.0,100.0,1.0,0.0,0.0
280,/discos-smart-bogo-cart-upsell?surface_detail=conversion-upselling-and-cross-selling-upselling-and-cross-selling&surface_inter_position=5&surface_intra_position=23&surface_type=category,20220519,(direct),Philippines,desktop,1.0,1.0,1.0,100.0,1.0,0.0,0.0
281,/discos-smart-bogo-cart-upsell?surface_detail=conversion-upselling-and-cross-selling&surface_inter_position=1&surface_intra_position=12&surface_type=subcategory,20220517,(direct),United States,desktop,1.0,1.0,1.0,100.0,1.0,0.0,0.0
282,/discos-smart-bogo-cart-upsell?surface_detail=conversion-upselling-and-cross-selling&surface_inter_position=1&surface_intra_position=3&surface_type=subcategory,20220511,(direct),India,desktop,1.0,1.0,1.0,100.0,1.0,0.0,0.0
283,/discos-smart-bogo-cart-upsell?surface_detail=conversion-upselling-and-cross-selling&surface_inter_position=4&surface_intra_position=2&surface_type=category,20220508,admin,United States,desktop,1.0,0.0,1.0,100.0,1.0,0.0,0.0
284,/discos-smart-bogo-cart-upsell?surface_detail=conversion-upselling-and-cross-selling&surface_inter_position=8&surface_intra_position=1&surface_type=home,20220514,(direct),United States,desktop,1.0,1.0,1.0,100.0,1.0,0.0,0.0
285,/discos-smart-bogo-cart-upsell?surface_detail=conversion-upselling-and-cross-selling&surface_inter_position=8&surface_intra_position=1&surface_type=home,20220517,(direct),Malaysia,mobile,1.0,1.0,1.0,100.0,1.0,0.0,0.0
286,/discos-smart-bogo-cart-upsell?surface_detail=conversion-upselling-and-cross-selling&surface_inter_position=8&surface_intra_position=2&surface_type=home,20220516,admin,United States,desktop,1.0,0.0,1.0,100.0,1.0,0.0,0.0
287,/discos-smart-bogo-cart-upsell?surface_detail=conversion-upselling-and-cross-selling&surface_inter_position=8&surface_intra_position=4&surface_type=home,20220506,(direct),United States,mobile,1.0,1.0,1.0,100.0,1.0,0.0,0.0
288,/discos-smart-bogo-cart-upsell?surface_detail=conversion-upselling-and-cross-selling&surface_inter_position=8&surface_intra_position=5&surface_type=home,20220513,(direct),United States,desktop,1.0,1.0,1.0,100.0,1.0,0.0,0.0
289,/discos-smart-bogo-cart-upsell?surface_detail=conversion-upselling-and-cross-selling&surface_inter_position=8&surface_intra_position=5&surface_type=home,20220518,(direct),Bangladesh,desktop,1.0,1.0,1.0,0.0,1.0,139.0,1.0
290,/discos-smart-bogo-cart-upsell?surface_detail=conversion&surface_inter_position=1&surface_intra_position=17&surface_type=collection,20220506,(direct),Lithuania,desktop,1.0,1.0,1.0,0.0,1.0,24.0,1.0
291,/discos-smart-bogo-cart-upsell?surface_detail=discord&surface_inter_position=1&surface_intra_position=11&surface_type=search,20220514,(direct),United States,desktop,1.0,1.0,1.0,100.0,1.0,0.0,0.0
292,/discos-smart-bogo-cart-upsell?surface_detail=DISCOS:+Smart+BOGO+Cart+Upsell&surface_inter_position=1&surface_intra_position=4&surface_type=search,20220509,(direct),Ireland,desktop,1.0,1.0,1.0,100.0,1.0,0.0,0.0
293,/discos-smart-bogo-cart-upsell?surface_detail=discos&surface_inter_position=1&surface_intra_position=3&surface_type=search,20220526,getresponse,Vietnam,desktop,1.0,0.0,1.0,100.0,1.0,0.0,0.0
294,/discos-smart-bogo-cart-upsell?surface_detail=discos&surface_inter_position=1&surface_intra_position=3&surface_type=search,20220527,getresponse,Vietnam,desktop,1.0,0.0,1.0,100.0,1.0,0.0,0.0
295,/discos-smart-bogo-cart-upsell?surface_detail=DISCOS&surface_inter_position=1&surface_intra_position=3&surface_type=search,20220601,(direct),Vietnam,desktop,1.0,1.0,1.0,100.0,1.0,0.0,0.0
296,/discos-smart-bogo-cart-upsell?surface_detail=discos&surface_inter_position=1&surface_intra_position=4&surface_type=search,20220512,getresponse,Vietnam,desktop,1.0,0.0,1.0,0.0,4.0,731.0,0.0
297,/discos-smart-bogo-cart-upsell?surface_detail=discos&surface_inter_position=1&surface_intra_position=4&surface_type=search,20220513,admin,Vietnam,desktop,1.0,0.0,1.0,100.0,1.0,0.0,0.0
298,/discos-smart-bogo-cart-upsell?surface_detail=discos&surface_inter_position=1&surface_intra_position=4&surface_type=search,20220517,admin,Vietnam,desktop,1.0,0.0,1.0,0.0,2.0,42.0,0.0
299,/discos-smart-bogo-cart-upsell?surface_detail=drop+down+on+cart&surface_inter_position=14&surface_intra_position=7&surface_type=search,20220507,(direct),United Kingdom,desktop,1.0,1.0,1.0,100.0,1.0,0.0,0.0
300,/discos-smart-bogo-cart-upsell?surface_detail=happypoint&surface_inter_position=1&surface_intra_position=2&surface_type=search,20220505,happypoints.io,Vietnam,desktop,1.0,0.0,1.0,100.0,1.0,0.0,0.0
301,/discos-smart-bogo-cart-upsell?surface_detail=In+cart+upsell&surface_inter_position=1&surface_intra_position=1&surface_type=search,20220506,(direct),India,mobile,1.0,0.0,1.0,100.0,1.0,0.0,0.0
302,/discos-smart-bogo-cart-upsell?surface_detail=logo+vendor&surface_inter_position=1&surface_intra_position=26&surface_type=search,20220516,(direct),Georgia,desktop,1.0,1.0,1.0,0.0,1.0,46.0,1.0
303,/discos-smart-bogo-cart-upsell?surface_detail=newsletter+popup&surface_inter_position=1&surface_intra_position=6&surface_type=search,20220601,landing page,New Zealand,desktop,1.0,0.0,1.0,100.0,1.0,0.0,0.0
304,/discos-smart-bogo-cart-upsell?surface_detail=Offer+with+logo&surface_inter_position=1&surface_intra_position=23&surface_type=search,20220601,(direct),India,mobile,1.0,1.0,1.0,100.0,1.0,0.0,0.0
305,/discos-smart-bogo-cart-upsell?surface_detail=Offer+with+logo&surface_inter_position=1&surface_intra_position=23&surface_type=search,20220602,(direct),India,mobile,1.0,0.0,1.0,100.0,1.0,0.0,0.0
306,/discos-smart-bogo-cart-upsell?surface_detail=one+click+upsell&surface_inter_position=1&surface_intra_position=17&surface_type=search,20220512,(direct),Australia,desktop,1.0,1.0,1.0,100.0,1.0,0.0,0.0
307,/discos-smart-bogo-cart-upsell?surface_detail=one+click+upsell&surface_inter_position=1&surface_intra_position=17&surface_type=search,20220517,(direct),United States,desktop,1.0,1.0,1.0,100.0,1.0,0.0,0.0
308,/discos-smart-bogo-cart-upsell?surface_detail=recommended-for-you&surface_inter_position=1&surface_intra_position=1&surface_type=collection,20220513,(direct),United States,desktop,1.0,1.0,1.0,100.0,1.0,0.0,0.0
309,/discos-smart-bogo-cart-upsell?surface_detail=recommended-for-you&surface_inter_position=1&surface_intra_position=1&surface_type=collection,20220517,(direct),United Arab Emirates,desktop,1.0,1.0,1.0,0.0,2.0,18.0,0.0
310,/discos-smart-bogo-cart-upsell?surface_detail=recommended-for-you&surface_inter_position=1&surface_intra_position=2&surface_type=collection,20220511,(direct),United States,desktop,1.0,1.0,1.0,100.0,1.0,0.0,0.0
311,/discos-smart-bogo-cart-upsell?surface_detail=recommended-for-you&surface_inter_position=1&surface_intra_position=52&surface_type=collection,20220512,(direct),Switzerland,desktop,1.0,1.0,1.0,100.0,1.0,0.0,0.0
312,/discos-smart-bogo-cart-upsell?surface_detail=recommended-for-you&surface_inter_position=1&surface_intra_position=64&surface_type=collection,20220515,admin,United States,desktop,1.0,0.0,1.0,100.0,1.0,0.0,0.0
313,/discos-smart-bogo-cart-upsell?surface_detail=recommended-for-you&surface_inter_position=2&surface_intra_position=1&surface_type=home,20220506,(direct),South Africa,mobile,1.0,1.0,1.0,100.0,1.0,0.0,0.0
314,/discos-smart-bogo-cart-upsell?surface_detail=recommended-for-you&surface_inter_position=2&surface_intra_position=1&surface_type=home,20220517,(direct),United States,mobile,1.0,1.0,1.0,100.0,1.0,0.0,0.0
315,/discos-smart-bogo-cart-upsell?surface_detail=recommended-for-you&surface_inter_position=2&surface_intra_position=2&surface_type=home,20220506,l.facebook.com,United States,desktop,1.0,0.0,1.0,0.0,1.0,70.0,1.0
316,/discos-smart-bogo-cart-upsell?surface_detail=recommended-for-you&surface_inter_position=2&surface_intra_position=2&surface_type=home,20220509,(direct),Canada,desktop,1.0,1.0,1.0,0.0,2.0,124.0,0.0
317,/discos-smart-bogo-cart-upsell?surface_detail=recommended-for-you&surface_inter_position=2&surface_intra_position=2&surface_type=home,20220512,admin,Poland,desktop,1.0,0.0,1.0,0.0,2.0,2.0,0.0
318,/discos-smart-bogo-cart-upsell?surface_detail=recommended-for-you&surface_inter_position=2&surface_intra_position=2&surface_type=home,20220513,(direct),United Kingdom,desktop,1.0,1.0,1.0,100.0,1.0,0.0,0.0
319,/discos-smart-bogo-cart-upsell?surface_detail=recommended-for-you&surface_inter_position=2&surface_intra_position=2&surface_type=home,20220514,(direct),India,desktop,1.0,1.0,1.0,0.0,1.0,124.0,1.0
320,/discos-smart-bogo-cart-upsell?surface_detail=recommended-for-you&surface_inter_position=2&surface_intra_position=3&surface_type=home,20220511,(direct),India,desktop,1.0,1.0,1.0,100.0,1.0,0.0,0.0
321,/discos-smart-bogo-cart-upsell?surface_detail=recommended-for-you&surface_inter_position=2&surface_intra_position=4&surface_type=home,20220518,(direct),Pakistan,desktop,1.0,1.0,1.0,100.0,1.0,0.0,0.0
322,/discos-smart-bogo-cart-upsell?surface_detail=recommended-for-you&surface_inter_position=2&surface_intra_position=5&surface_type=home,20220515,(direct),United States,desktop,1.0,1.0,1.0,0.0,1.0,51.0,1.0
323,/discos-smart-bogo-cart-upsell?surface_detail=recommended-for-you&surface_inter_position=2&surface_intra_position=6&surface_type=home,20220513,admin,India,desktop,1.0,0.0,1.0,100.0,1.0,0.0,0.0
324,/discos-smart-bogo-cart-upsell?surface_detail=upsell&surface_inter_position=1&surface_intra_position=4&surface_type=search,20220511,google,India,desktop,1.0,0.0,1.0,100.0,1.0,0.0,0.0
325,/discos-smart-bogo-cart-upsell?surface_detail=Upsell&surface_inter_position=1&surface_intra_position=4&surface_type=search,20220514,facebook.com,Mexico,desktop,1.0,0.0,1.0,100.0,1.0,0.0,0.0
326,/discos-smart-bogo-cart-upsell?surface_detail=upsell&surface_inter_position=1&surface_intra_position=5&surface_type=search,20220528,(direct),United States,desktop,1.0,1.0,1.0,100.0,1.0,0.0,0.0
327,/discos-smart-bogo-cart-upsell?surface_detail=upsell&surface_inter_position=3&surface_intra_position=21&surface_type=search,20220515,(direct),India,desktop,1.0,1.0,1.0,100.0,1.0,0.0,0.0
328,/discos-smart-bogo-cart-upsell?surface_detail=upsell+bundles&surface_inter_position=6&surface_intra_position=20&surface_type=search,20220530,website,Israel,desktop,1.0,0.0,1.0,100.0,1.0,0.0,0.0
329,/discos-smart-bogo-cart-upsell?surface_detail=upsell+in+cart&surface_inter_position=1&surface_intra_position=9&surface_type=search,20220527,website,India,desktop,1.0,0.0,1.0,100.0,1.0,0.0,0.0
330,/discos-smart-bogo-cart-upsell?surface_detail=upsell+on+cart&surface_inter_position=1&surface_intra_position=9&surface_type=search,20220525,website,Italy,desktop,1.0,0.0,1.0,0.0,1.0,17.0,1.0
331,/discos-smart-bogo-cart-upsell/,20220525,website,Vietnam,desktop,1.0,0.0,1.0,100.0,1.0,0.0,0.0
