,Landing Page,Date,Source,Country,Device,Users,New Users,Sessions,Bounce Rate,Pages/Session,Avg. Session Duration,Total Events,type,keyword
0,/discos-smart-bogo-cart-upsell,2022-05-05,(direct),Vietnam,desktop,1,0,1,100.0,1.0,0.0,0,Others,Others
1,/discos-smart-bogo-cart-upsell,2022-05-05,admin,Australia,desktop,1,1,1,100.0,1.0,0.0,0,Others,Others
2,/discos-smart-bogo-cart-upsell,2022-05-05,happypoints.io,Vietnam,desktop,1,0,1,0.0,2.0,8.800000000000001e-08,0,Others,Others
3,/discos-smart-bogo-cart-upsell,2022-05-05,landing page,Australia,desktop,1,1,1,100.0,1.0,0.0,0,Others,Others
4,/discos-smart-bogo-cart-upsell,2022-05-05,landing page,Vietnam,desktop,1,0,1,100.0,1.0,0.0,0,Others,Others
5,/discos-smart-bogo-cart-upsell,2022-05-05,newsletter,United States,desktop,1,1,1,100.0,1.0,0.0,0,Others,Others
6,/discos-smart-bogo-cart-upsell,2022-05-06,(direct),India,desktop,1,1,1,100.0,1.0,0.0,0,Others,Others
7,/discos-smart-bogo-cart-upsell,2022-05-06,(direct),Vietnam,desktop,7,5,11,81.81818181818183,3.727272727272727,3.58e-07,12,Others,Others
8,/discos-smart-bogo-cart-upsell,2022-05-06,(direct),Vietnam,mobile,2,2,3,100.0,1.0,0.0,0,Others,Others
9,/discos-smart-bogo-cart-upsell,2022-05-06,admin,India,desktop,1,0,1,100.0,1.0,0.0,0,Others,Others
10,/discos-smart-bogo-cart-upsell,2022-05-06,l.facebook.com,Czechia,desktop,1,0,1,0.0,2.0,9.89e-07,0,Others,Others
11,/discos-smart-bogo-cart-upsell,2022-05-06,landing page,Vietnam,desktop,1,0,3,33.33333333333333,7.333333333333333,2.42e-06,0,Others,Others
12,/discos-smart-bogo-cart-upsell,2022-05-06,linkedin.com,Vietnam,desktop,1,1,1,100.0,1.0,0.0,0,Others,Others
13,/discos-smart-bogo-cart-upsell,2022-05-07,admin,United Arab Emirates,desktop,1,1,1,0.0,1.0,1.13e-07,1,Others,Others
14,/discos-smart-bogo-cart-upsell,2022-05-07,admin,United Kingdom,desktop,1,0,1,0.0,1.0,9.700000000000001e-08,1,Others,Others
15,/discos-smart-bogo-cart-upsell,2022-05-07,admin,United States,desktop,1,1,1,100.0,1.0,0.0,0,Others,Others
16,/discos-smart-bogo-cart-upsell,2022-05-08,admin,Kenya,desktop,1,0,1,0.0,1.0,6.2e-08,1,Others,Others
17,/discos-smart-bogo-cart-upsell,2022-05-08,google,India,desktop,1,0,1,0.0,1.0,1.67e-07,1,Others,Others
18,/discos-smart-bogo-cart-upsell,2022-05-08,google,Kenya,mobile,1,1,1,100.0,1.0,0.0,0,Others,Others
19,/discos-smart-bogo-cart-upsell,2022-05-09,(direct),Germany,desktop,1,1,1,0.0,2.0,3.0000000000000004e-09,0,Others,Others
20,/discos-smart-bogo-cart-upsell,2022-05-09,google,Vietnam,desktop,1,0,1,100.0,1.0,0.0,0,Others,Others
21,/discos-smart-bogo-cart-upsell,2022-05-09,linkedin.com,Vietnam,desktop,1,1,1,100.0,1.0,0.0,0,Others,Others
22,/discos-smart-bogo-cart-upsell,2022-05-10,(direct),Czechia,desktop,1,1,1,100.0,1.0,0.0,0,Others,Others
23,/discos-smart-bogo-cart-upsell,2022-05-10,(direct),France,desktop,1,1,1,100.0,1.0,0.0,0,Others,Others
24,/discos-smart-bogo-cart-upsell,2022-05-10,(direct),United States,desktop,1,1,1,100.0,1.0,0.0,0,Others,Others
25,/discos-smart-bogo-cart-upsell,2022-05-10,landing page,Vietnam,desktop,1,0,1,100.0,1.0,0.0,0,Others,Others
26,/discos-smart-bogo-cart-upsell,2022-05-11,(direct),Vietnam,desktop,2,1,2,50.0,1.5,5.3000000000000005e-08,0,Others,Others
27,/discos-smart-bogo-cart-upsell,2022-05-11,(direct),Vietnam,mobile,1,1,1,100.0,1.0,0.0,0,Others,Others
28,/discos-smart-bogo-cart-upsell,2022-05-11,admin,Malaysia,desktop,1,1,1,100.0,1.0,0.0,0,Others,Others
29,/discos-smart-bogo-cart-upsell,2022-05-11,admin,United States,desktop,2,1,2,100.0,1.0,0.0,0,Others,Others
30,/discos-smart-bogo-cart-upsell,2022-05-11,google,Hungary,desktop,1,0,1,100.0,1.0,0.0,0,Others,Others
31,/discos-smart-bogo-cart-upsell,2022-05-11,google,Vietnam,desktop,1,0,1,0.0,3.0,2.555e-06,0,Others,Others
32,/discos-smart-bogo-cart-upsell,2022-05-11,google,Vietnam,mobile,1,1,2,100.0,1.0,0.0,0,Others,Others
33,/discos-smart-bogo-cart-upsell,2022-05-11,l.facebook.com,Vietnam,desktop,1,0,1,100.0,1.0,0.0,0,Others,Others
34,/discos-smart-bogo-cart-upsell,2022-05-11,landing page,Vietnam,desktop,1,0,1,0.0,2.0,1.243e-06,0,Others,Others
35,/discos-smart-bogo-cart-upsell,2022-05-12,(direct),Vietnam,desktop,1,1,1,0.0,3.0,3.46e-07,0,Others,Others
36,/discos-smart-bogo-cart-upsell,2022-05-12,admin,India,desktop,1,1,1,100.0,1.0,0.0,0,Others,Others
37,/discos-smart-bogo-cart-upsell,2022-05-12,admin,Saudi Arabia,desktop,1,0,1,0.0,1.0,9.400000000000001e-08,1,Others,Others
38,/discos-smart-bogo-cart-upsell,2022-05-12,admin,United Kingdom,desktop,1,1,1,100.0,1.0,0.0,0,Others,Others
39,/discos-smart-bogo-cart-upsell,2022-05-12,admin,United States,desktop,2,1,2,100.0,1.0,0.0,0,Others,Others
40,/discos-smart-bogo-cart-upsell,2022-05-13,(direct),Vietnam,desktop,2,0,2,100.0,1.0,0.0,0,Others,Others
41,/discos-smart-bogo-cart-upsell,2022-05-13,admin,United States,desktop,1,0,1,0.0,1.0,1.7e-08,1,Others,Others
42,/discos-smart-bogo-cart-upsell,2022-05-14,(direct),Vietnam,desktop,1,1,1,100.0,1.0,0.0,0,Others,Others
43,/discos-smart-bogo-cart-upsell,2022-05-14,admin,United States,desktop,1,0,1,100.0,1.0,0.0,0,Others,Others
44,/discos-smart-bogo-cart-upsell,2022-05-15,admin,Philippines,desktop,1,0,1,100.0,1.0,0.0,0,Others,Others
45,/discos-smart-bogo-cart-upsell,2022-05-16,(direct),Germany,desktop,1,1,1,0.0,2.0,3.0000000000000004e-09,0,Others,Others
46,/discos-smart-bogo-cart-upsell,2022-05-16,(direct),Vietnam,desktop,1,0,1,100.0,1.0,0.0,0,Others,Others
47,/discos-smart-bogo-cart-upsell,2022-05-16,admin,Canada,desktop,1,1,1,100.0,1.0,0.0,0,Others,Others
48,/discos-smart-bogo-cart-upsell,2022-05-16,admin,United States,desktop,1,0,1,100.0,1.0,0.0,0,Others,Others
49,/discos-smart-bogo-cart-upsell,2022-05-16,admin,Vietnam,desktop,1,0,1,100.0,1.0,0.0,0,Others,Others
50,/discos-smart-bogo-cart-upsell,2022-05-16,google,Vietnam,desktop,1,0,1,100.0,1.0,0.0,0,Others,Others
51,/discos-smart-bogo-cart-upsell,2022-05-16,google,Vietnam,mobile,1,0,2,50.0,1.5,1.31e-07,0,Others,Others
52,/discos-smart-bogo-cart-upsell,2022-05-16,shopify community,India,desktop,1,1,1,100.0,1.0,0.0,0,Others,Others
53,/discos-smart-bogo-cart-upsell,2022-05-17,admin,United States,desktop,2,1,2,100.0,1.0,0.0,0,Others,Others
54,/discos-smart-bogo-cart-upsell,2022-05-17,secure.helpscout.net,Vietnam,desktop,1,0,1,100.0,1.0,0.0,0,Others,Others
55,/discos-smart-bogo-cart-upsell,2022-05-17,slack_partner_league,Vietnam,desktop,1,1,1,100.0,1.0,0.0,0,Others,Others
56,/discos-smart-bogo-cart-upsell,2022-05-18,admin,United States,desktop,1,0,2,100.0,1.0,0.0,0,Others,Others
57,/discos-smart-bogo-cart-upsell,2022-05-18,secure.helpscout.net,Vietnam,desktop,1,0,2,100.0,1.0,0.0,0,Others,Others
58,/discos-smart-bogo-cart-upsell,2022-05-19,admin,United States,desktop,1,0,1,100.0,1.0,0.0,0,Others,Others
59,/discos-smart-bogo-cart-upsell,2022-05-19,slack_partner_leauge,Guatemala,desktop,1,0,1,100.0,1.0,0.0,0,Others,Others
60,/discos-smart-bogo-cart-upsell,2022-05-24,(direct),Vietnam,desktop,2,2,2,100.0,1.0,0.0,0,Others,Others
61,/discos-smart-bogo-cart-upsell,2022-05-25,google,Vietnam,desktop,1,0,1,100.0,1.0,0.0,0,Others,Others
62,/discos-smart-bogo-cart-upsell,2022-05-26,website,South Africa,desktop,1,1,3,100.0,1.0,0.0,0,Others,Others
63,/discos-smart-bogo-cart-upsell,2022-05-27,google,Vietnam,desktop,1,0,1,100.0,1.0,0.0,0,Others,Others
64,/discos-smart-bogo-cart-upsell,2022-05-30,(direct),India,desktop,1,1,1,0.0,2.0,3.0000000000000004e-09,0,Others,Others
65,/discos-smart-bogo-cart-upsell,2022-05-30,landing page,India,desktop,1,1,1,100.0,1.0,0.0,0,Others,Others
66,/discos-smart-bogo-cart-upsell,2022-05-30,website,India,desktop,1,1,1,0.0,1.0,5.1e-08,1,Others,Others
67,/discos-smart-bogo-cart-upsell,2022-05-31,google,Vietnam,desktop,1,0,1,100.0,1.0,0.0,0,Others,Others
68,/discos-smart-bogo-cart-upsell,2022-05-31,landing page,United States,desktop,1,0,1,100.0,1.0,0.0,0,Others,Others
69,/discos-smart-bogo-cart-upsell,2022-05-31,landing page,Vietnam,desktop,1,0,1,100.0,1.0,0.0,0,Others,Others
70,/discos-smart-bogo-cart-upsell,2022-05-31,slack_partner_leauge,Vietnam,desktop,1,0,1,100.0,1.0,0.0,0,Others,Others
71,/discos-smart-bogo-cart-upsell,2022-06-01,l.facebook.com,Vietnam,desktop,1,0,1,100.0,1.0,0.0,0,Others,Others
72,/discos-smart-bogo-cart-upsell?fbclid=IwAR09RZwhKjodFRCbGwvMoKl5uKV-rx2irpUGkFQ17FxfwVag_qs8Y2YHkZA,2022-05-07,m.facebook.com,Sweden,mobile,1,1,1,100.0,1.0,0.0,0,Others,Others
73,/discos-smart-bogo-cart-upsell?fbclid=IwAR1egpE-NQXItINsjcqRluJLKhVhAcDWVahgujAjbwAx4oiOiQNF7pjXLOQ,2022-06-01,m.facebook.com,United States,mobile,1,1,1,100.0,1.0,0.0,0,Others,Others
74,/discos-smart-bogo-cart-upsell?fbclid=IwAR2uV_t8grermYZOyUsGmBlk_AY7kpuc5mqGuhhCUG8eQdkLRRQ3ml2FG4k,2022-05-07,m.facebook.com,United States,mobile,1,1,1,100.0,1.0,0.0,0,Others,Others
75,/discos-smart-bogo-cart-upsell?fbclid=IwAR3kSOGBNuL2koAN2OK_KoWpG6XugUdSGyt_Po8cWZks_2Nqmbh9vVPdGLw,2022-06-01,m.facebook.com,United States,mobile,1,1,1,100.0,1.0,0.0,0,Others,Others
76,/discos-smart-bogo-cart-upsell?fbclid=IwAR3p0h1do3ZHd68IJ_-sVYYwBNGr4m-zQRKpxwR6_Ej2g-l2DfZhA1K6oDk,2022-05-07,m.facebook.com,United States,mobile,1,1,1,100.0,1.0,0.0,0,Others,Others
77,/discos-smart-bogo-cart-upsell?fbclid=IwAR3vO2vz-5pBr0_Dt7-C5uS2FKGOvqVef2s9QTlDsuLx78iXWIoKl_JpPAw,2022-05-16,l.facebook.com,Vietnam,desktop,1,0,2,50.0,1.5,1e-08,0,Others,Others
78,/discos-smart-bogo-cart-upsell?locale=de,2022-05-11,admin,Germany,desktop,1,1,1,100.0,1.0,0.0,0,Others,Others
79,/discos-smart-bogo-cart-upsell?locale=de&surface_detail=all&surface_inter_position=3&surface_intra_position=21&surface_type=category,2022-05-10,(direct),Germany,mobile,1,1,1,100.0,1.0,0.0,0,category,Others
80,/discos-smart-bogo-cart-upsell?locale=de&surface_detail=bogo&surface_inter_position=1&surface_intra_position=21&surface_type=search,2022-05-11,(direct),Germany,desktop,1,1,1,100.0,1.0,0.0,0,search,bogo
81,/discos-smart-bogo-cart-upsell?locale=de&surface_detail=buy+x+get+y&surface_inter_position=1&surface_intra_position=8&surface_type=search,2022-05-15,facebook.com,Austria,desktop,1,0,1,0.0,1.0,2.2000000000000002e-08,1,search,buy x get y
82,/discos-smart-bogo-cart-upsell?locale=de&surface_detail=buy+x+get+y&surface_inter_position=1&surface_intra_position=8&surface_type=search,2022-05-17,(direct),Germany,desktop,1,1,1,0.0,2.0,1.0600000000000001e-07,1,search,buy x get y
83,/discos-smart-bogo-cart-upsell?locale=de&surface_detail=buy+x+get+y&surface_inter_position=1&surface_intra_position=8&surface_type=search,2022-05-26,(direct),Germany,desktop,1,1,1,0.0,1.0,1e-09,1,search,buy x get y
84,/discos-smart-bogo-cart-upsell?locale=de&surface_detail=cart+upsell&surface_inter_position=1&surface_intra_position=18&surface_type=search,2022-05-31,(direct),Germany,desktop,1,1,1,100.0,1.0,0.0,0,search,cart upsell
85,/discos-smart-bogo-cart-upsell?locale=de&surface_detail=conversion-upselling-and-cross-selling&surface_inter_position=9&surface_intra_position=2&surface_type=home,2022-05-16,(direct),Germany,desktop,1,1,1,0.0,1.0,2.16e-07,1,home,Others
86,/discos-smart-bogo-cart-upsell?locale=de&surface_detail=recommended-for-you&surface_inter_position=2&surface_intra_position=1&surface_type=home,2022-05-08,admin,Germany,mobile,1,0,1,100.0,1.0,0.0,0,home,Others
87,/discos-smart-bogo-cart-upsell?locale=es&surface_detail=all&surface_inter_position=3&surface_intra_position=12&surface_type=category,2022-05-09,google,Chile,desktop,1,0,1,100.0,1.0,0.0,0,category,Others
88,/discos-smart-bogo-cart-upsell?locale=es&surface_detail=bogo&surface_inter_position=1&surface_intra_position=17&surface_type=search,2022-05-13,(direct),Mexico,desktop,1,1,1,100.0,1.0,0.0,0,search,bogo
89,/discos-smart-bogo-cart-upsell?locale=es&surface_detail=bogo&surface_inter_position=1&surface_intra_position=18&surface_type=search,2022-05-26,(direct),Spain,desktop,1,1,1,100.0,1.0,0.0,0,search,bogo
90,/discos-smart-bogo-cart-upsell?locale=es&surface_detail=BOGO+buy+x+get+y&surface_inter_position=1&surface_intra_position=18&surface_type=search,2022-05-27,(direct),Spain,desktop,1,1,1,100.0,1.0,0.0,0,search,BOGO buy x get y
91,/discos-smart-bogo-cart-upsell?locale=es&surface_detail=buy+x+get+y&surface_inter_position=1&surface_intra_position=8&surface_type=search,2022-05-13,(direct),Chile,desktop,1,1,1,100.0,1.0,0.0,0,search,buy x get y
92,/discos-smart-bogo-cart-upsell?locale=es&surface_detail=conversion-upselling-and-cross-selling&surface_inter_position=1&surface_intra_position=6&surface_type=subcategory,2022-05-12,(direct),Colombia,desktop,1,1,1,0.0,1.0,2.44e-07,1,subcategory,Others
93,/discos-smart-bogo-cart-upsell?locale=es&surface_detail=disco&surface_inter_position=1&surface_intra_position=6&surface_type=search,2022-05-18,(direct),Chile,desktop,1,1,1,0.0,1.0,1.3900000000000001e-07,1,search,disco
94,/discos-smart-bogo-cart-upsell?locale=es&surface_detail=galeria+logos&surface_inter_position=2&surface_intra_position=13&surface_type=search,2022-06-01,(direct),Colombia,desktop,1,1,1,100.0,1.0,0.0,0,search,galeria logos
95,/discos-smart-bogo-cart-upsell?locale=es&surface_detail=gift+on+cart&surface_inter_position=7&surface_intra_position=23&surface_type=search,2022-05-25,(direct),Spain,desktop,1,1,1,100.0,1.0,0.0,0,search,gift on cart
96,/discos-smart-bogo-cart-upsell?locale=es&surface_detail=Gira+y+gana&surface_inter_position=1&surface_intra_position=17&surface_type=search,2022-05-08,(direct),Peru,mobile,1,1,1,100.0,1.0,0.0,0,search,Gira y gana
97,/discos-smart-bogo-cart-upsell?locale=es&surface_detail=recommended-for-you&surface_inter_position=1&surface_intra_position=1&surface_type=collection,2022-05-06,(direct),Colombia,desktop,1,1,1,100.0,1.0,0.0,0,collection,Others
98,/discos-smart-bogo-cart-upsell?locale=es&surface_detail=recommended-for-you&surface_inter_position=1&surface_intra_position=1&surface_type=collection,2022-05-11,(direct),Mexico,desktop,1,1,1,100.0,1.0,0.0,0,collection,Others
99,/discos-smart-bogo-cart-upsell?locale=es&surface_detail=recommended-for-you&surface_inter_position=1&surface_intra_position=12&surface_type=collection,2022-05-10,l.facebook.com,Colombia,desktop,1,0,1,0.0,2.0,5.490000000000001e-07,0,collection,Others
100,/discos-smart-bogo-cart-upsell?locale=es&surface_detail=recommended-for-you&surface_inter_position=2&surface_intra_position=1&surface_type=home,2022-05-11,(direct),Spain,desktop,1,1,1,100.0,1.0,0.0,0,home,Others
101,/discos-smart-bogo-cart-upsell?locale=fi&surface_detail=buy+x+get+y&surface_inter_position=1&surface_intra_position=8&surface_type=search,2022-05-11,google,Finland,desktop,1,0,1,0.0,2.0,7.340000000000001e-07,0,search,buy x get y
102,/discos-smart-bogo-cart-upsell?locale=fr,2022-05-06,(direct),Vietnam,desktop,1,1,1,100.0,1.0,0.0,0,Others,Others
103,/discos-smart-bogo-cart-upsell?locale=fr,2022-05-06,landing page,Vietnam,desktop,1,1,1,0.0,1.0,2e-09,1,Others,Others
104,/discos-smart-bogo-cart-upsell?locale=fr,2022-05-10,google,France,tablet,1,1,1,0.0,3.0,2.89e-07,0,Others,Others
105,/discos-smart-bogo-cart-upsell?locale=fr,2022-05-13,admin,Martinique,desktop,1,0,1,100.0,1.0,0.0,0,Others,Others
106,/discos-smart-bogo-cart-upsell?locale=fr,2022-05-27,(direct),Vietnam,desktop,1,1,1,100.0,1.0,0.0,0,Others,Others
107,/discos-smart-bogo-cart-upsell?locale=fr&surface_detail=BOGO+cart&surface_inter_position=1&surface_intra_position=4&surface_type=search,2022-05-12,admin,Canada,desktop,1,0,1,100.0,1.0,0.0,0,search,BOGO cart
108,/discos-smart-bogo-cart-upsell?locale=fr&surface_detail=buy+x+get+y&surface_inter_position=1&surface_intra_position=15&surface_type=search,2022-05-05,landing page,France,desktop,1,0,1,0.0,1.0,1.8000000000000002e-08,1,search,buy x get y
109,/discos-smart-bogo-cart-upsell?locale=fr&surface_detail=buy+x+get+y&surface_inter_position=1&surface_intra_position=7&surface_type=search,2022-05-17,admin,France,desktop,1,0,1,0.0,3.0,2.5360000000000004e-06,1,search,buy x get y
110,/discos-smart-bogo-cart-upsell?locale=fr&surface_detail=buy+x+get+y&surface_inter_position=1&surface_intra_position=8&surface_type=search,2022-05-28,(direct),Morocco,desktop,1,1,2,100.0,1.0,0.0,0,search,buy x get y
111,/discos-smart-bogo-cart-upsell?locale=fr&surface_detail=conversion&surface_inter_position=1&surface_intra_position=2&surface_type=category,2022-05-10,(direct),Israel,desktop,1,1,1,100.0,1.0,0.0,0,category,Others
112,/discos-smart-bogo-cart-upsell?locale=fr&surface_detail=menu+upsell&surface_inter_position=4&surface_intra_position=12&surface_type=search,2022-05-14,facebook.com,France,desktop,1,0,1,100.0,1.0,0.0,0,search,menu upsell
113,/discos-smart-bogo-cart-upsell?locale=fr&surface_detail=one+click+upsell&surface_inter_position=1&surface_intra_position=16&surface_type=search,2022-05-26,website,United Arab Emirates,desktop,1,0,1,100.0,1.0,0.0,0,search,one click upsell
114,/discos-smart-bogo-cart-upsell?locale=fr&surface_detail=tiered+discount&surface_inter_position=2&surface_intra_position=7&surface_type=search,2022-05-27,(direct),France,desktop,1,1,1,100.0,1.0,0.0,0,search,tiered discount
115,/discos-smart-bogo-cart-upsell?locale=fr&surface_detail=upsell+cart+drawer&surface_inter_position=3&surface_intra_position=18&surface_type=search,2022-05-26,(direct),France,desktop,1,1,1,100.0,1.0,0.0,0,search,upsell cart drawer
116,/discos-smart-bogo-cart-upsell?locale=it,2022-05-12,admin,Italy,desktop,1,0,1,100.0,1.0,0.0,0,Others,Others
117,/discos-smart-bogo-cart-upsell?locale=it&surface_detail=bogo&surface_inter_position=2&surface_intra_position=6&surface_type=search,2022-05-09,(direct),Italy,desktop,1,1,1,100.0,1.0,0.0,0,search,bogo
118,/discos-smart-bogo-cart-upsell?locale=it&surface_detail=buy+x+get+y&surface_inter_position=1&surface_intra_position=8&surface_type=search,2022-05-25,(direct),Italy,desktop,1,1,1,0.0,1.0,1e-09,1,search,buy x get y
119,/discos-smart-bogo-cart-upsell?locale=it&surface_detail=disco&surface_inter_position=1&surface_intra_position=6&surface_type=search,2022-05-08,(direct),Italy,desktop,1,1,1,100.0,1.0,0.0,0,search,disco
120,/discos-smart-bogo-cart-upsell?locale=it&surface_detail=recommended-for-you&surface_inter_position=2&surface_intra_position=1&surface_type=home,2022-05-05,landing page,Italy,desktop,1,0,1,100.0,1.0,0.0,0,home,Others
121,/discos-smart-bogo-cart-upsell?locale=ja,2022-05-06,landing page,Vietnam,desktop,1,0,1,100.0,1.0,0.0,0,Others,Others
122,/discos-smart-bogo-cart-upsell?locale=ja,2022-05-07,admin,Japan,desktop,1,1,3,66.66666666666666,1.6666666666666667,5.15e-07,0,Others,Others
123,/discos-smart-bogo-cart-upsell?locale=ja&surface_detail=customer+discount&surface_inter_position=1&surface_intra_position=16&surface_type=search,2022-05-12,admin,Japan,desktop,1,0,1,100.0,1.0,0.0,0,search,customer discount
124,/discos-smart-bogo-cart-upsell?locale=nl,2022-05-11,admin,Netherlands,desktop,1,0,1,100.0,1.0,0.0,0,Others,Others
125,/discos-smart-bogo-cart-upsell?locale=nl&surface_detail=BOGO&surface_inter_position=1&surface_intra_position=16&surface_type=search,2022-05-31,(direct),Netherlands,desktop,1,1,1,0.0,1.0,2.4000000000000003e-08,1,search,BOGO
126,/discos-smart-bogo-cart-upsell?locale=nl&surface_detail=cart+upsell&surface_inter_position=1&surface_intra_position=19&surface_type=search,2022-05-12,(direct),United States,desktop,1,1,1,100.0,1.0,0.0,0,search,cart upsell
127,/discos-smart-bogo-cart-upsell?locale=nl&surface_detail=conversion-upselling-and-cross-selling&surface_inter_position=1&surface_intra_position=2&surface_type=category,2022-05-16,(direct),Netherlands,desktop,1,1,1,100.0,1.0,0.0,0,category,Others
128,/discos-smart-bogo-cart-upsell?locale=nl&surface_detail=conversion-upselling-and-cross-selling&surface_inter_position=1&surface_intra_position=2&surface_type=subcategory,2022-05-18,admin,Netherlands,desktop,1,0,1,100.0,1.0,0.0,0,subcategory,Others
129,/discos-smart-bogo-cart-upsell?locale=nl&surface_detail=Promo&surface_inter_position=3&surface_intra_position=7&surface_type=search,2022-05-26,(direct),Netherlands,desktop,1,1,1,100.0,1.0,0.0,0,search,Promo
130,/discos-smart-bogo-cart-upsell?locale=pt-BR&surface_detail=12x&surface_inter_position=1&surface_intra_position=4&surface_type=search,2022-05-16,(direct),Brazil,desktop,1,1,1,100.0,1.0,0.0,0,search,12x
131,/discos-smart-bogo-cart-upsell?locale=pt-BR&surface_detail=buy+x+get+y&surface_inter_position=1&surface_intra_position=8&surface_type=search,2022-05-27,(direct),Brazil,desktop,1,1,1,0.0,1.0,2.9e-08,1,search,buy x get y
132,/discos-smart-bogo-cart-upsell?locale=pt-BR&surface_detail=cart+upsell&surface_inter_position=1&surface_intra_position=18&surface_type=search,2022-05-30,(direct),Brazil,desktop,1,1,1,100.0,1.0,0.0,0,search,cart upsell
133,/discos-smart-bogo-cart-upsell?locale=pt-BR&surface_detail=cart+upsell&surface_inter_position=2&surface_intra_position=18&surface_type=search,2022-05-06,landing page,Brazil,desktop,1,0,2,0.0,1.0,2.4000000000000003e-07,2,search,cart upsell
134,/discos-smart-bogo-cart-upsell?locale=tr,2022-05-15,admin,Turkey,desktop,1,0,1,0.0,2.0,2.2000000000000002e-08,0,Others,Others
135,/discos-smart-bogo-cart-upsell?locale=tr,2022-05-27,google,Vietnam,desktop,1,0,1,100.0,1.0,0.0,0,Others,Others
136,/discos-smart-bogo-cart-upsell?locale=tr&surface_detail=buy+x+get+y&surface_inter_position=1&surface_intra_position=10&surface_type=search,2022-05-11,(direct),Turkey,desktop,1,1,1,0.0,2.0,7.7e-08,1,search,buy x get y
137,/discos-smart-bogo-cart-upsell?locale=tr&surface_detail=conversion&surface_inter_position=2&surface_intra_position=17&surface_type=category,2022-05-26,website,Turkey,desktop,1,0,1,100.0,1.0,0.0,0,category,Others
138,/discos-smart-bogo-cart-upsell?locale=tr&surface_detail=conversion&surface_inter_position=2&surface_intra_position=17&surface_type=category,2022-05-30,website,Turkey,desktop,1,0,1,100.0,1.0,0.0,0,category,Others
139,/discos-smart-bogo-cart-upsell?locale=zh-CN,2022-05-13,admin,Taiwan,desktop,1,0,1,0.0,1.0,5.2e-08,1,Others,Others
140,/discos-smart-bogo-cart-upsell?locale=zh-CN,2022-05-13,admin,United States,desktop,1,1,1,100.0,1.0,0.0,0,Others,Others
141,/discos-smart-bogo-cart-upsell?locale=zh-CN,2022-05-16,(direct),Hong Kong,mobile,1,1,1,100.0,1.0,0.0,0,Others,Others
142,/discos-smart-bogo-cart-upsell?locale=zh-CN&surface_detail=bogo+bundle&surface_inter_position=2&surface_intra_position=8&surface_type=search,2022-05-28,website,Hong Kong,mobile,1,0,1,0.0,2.0,2.1e-07,0,search,bogo bundle
143,/discos-smart-bogo-cart-upsell?locale=zh-CN&surface_detail=bogo+onpage&surface_inter_position=1&surface_intra_position=13&surface_type=search,2022-05-28,(direct),Hong Kong,desktop,1,1,1,100.0,1.0,0.0,0,search,bogo onpage
144,/discos-smart-bogo-cart-upsell?locale=zh-CN&surface_detail=cart upsell&surface_inter_position=1&surface_intra_position=15&surface_type=search,2022-05-25,(direct),China,desktop,1,1,2,100.0,1.0,0.0,0,search,cart upsell
145,/discos-smart-bogo-cart-upsell?locale=zh-CN&surface_detail=conversion&surface_inter_position=1&surface_intra_position=31&surface_type=collection,2022-05-18,(direct),China,desktop,1,1,1,100.0,1.0,0.0,0,collection,Others
146,/discos-smart-bogo-cart-upsell?locale=zh-TW&surface_detail=buy+x+get+y&surface_inter_position=1&surface_intra_position=10&surface_type=search,2022-05-10,l.facebook.com,Taiwan,desktop,1,0,1,0.0,2.0,1.41e-07,1,search,buy x get y
147,/discos-smart-bogo-cart-upsell?st_source=autocomplete,2022-05-06,(direct),Vietnam,desktop,1,1,1,0.0,2.0,4.2900000000000004e-07,0,Others,Others
148,/discos-smart-bogo-cart-upsell?st_source=autocomplete,2022-05-06,lm.facebook.com,India,mobile,1,1,1,100.0,1.0,0.0,0,Others,Others
149,/discos-smart-bogo-cart-upsell?st_source=autocomplete,2022-05-11,getresponse,Vietnam,desktop,1,0,3,33.33333333333333,2.3333333333333335,4.77e-07,0,Others,Others
150,/discos-smart-bogo-cart-upsell?st_source=autocomplete,2022-05-11,landing page,Hungary,desktop,1,0,1,100.0,1.0,0.0,0,Others,Others
151,/discos-smart-bogo-cart-upsell?st_source=autocomplete,2022-05-12,admin,Vietnam,desktop,1,0,2,100.0,1.0,0.0,0,Others,Others
152,/discos-smart-bogo-cart-upsell?st_source=autocomplete,2022-05-18,admin,Vietnam,desktop,1,0,1,100.0,1.0,0.0,0,Others,Others
153,/discos-smart-bogo-cart-upsell?st_source=autocomplete,2022-05-19,lm.facebook.com,Vietnam,mobile,1,1,1,100.0,1.0,0.0,0,Others,Others
154,/discos-smart-bogo-cart-upsell?st_source=autocomplete,2022-05-25,slack_partner_leauge,Vietnam,desktop,1,0,1,100.0,1.0,0.0,0,Others,Others
155,/discos-smart-bogo-cart-upsell?st_source=autocomplete,2022-05-26,website,Vietnam,desktop,1,0,1,100.0,1.0,0.0,0,Others,Others
156,/discos-smart-bogo-cart-upsell?st_source=autocomplete,2022-05-27,getresponse,Vietnam,desktop,1,0,1,0.0,2.0,6.000000000000001e-09,0,Others,Others
157,/discos-smart-bogo-cart-upsell?st_source=autocomplete,2022-05-28,google,Vietnam,desktop,1,0,1,0.0,2.0,1.7e-08,0,Others,Others
158,/discos-smart-bogo-cart-upsell?st_source=autocomplete,2022-05-28,website,Vietnam,desktop,1,0,1,100.0,1.0,0.0,0,Others,Others
159,/discos-smart-bogo-cart-upsell?st_source=autocomplete,2022-05-29,website,Vietnam,desktop,1,0,2,50.0,1.5,1.2500000000000002e-07,2,Others,Others
160,/discos-smart-bogo-cart-upsell?st_source=autocomplete,2022-05-30,(direct),Singapore,desktop,1,1,1,100.0,1.0,0.0,0,Others,Others
161,/discos-smart-bogo-cart-upsell?st_source=autocomplete,2022-05-30,google,Vietnam,desktop,1,0,1,100.0,1.0,0.0,0,Others,Others
162,/discos-smart-bogo-cart-upsell?st_source=autocomplete,2022-05-30,website,Vietnam,desktop,1,0,1,0.0,1.0,2e-09,1,Others,Others
163,/discos-smart-bogo-cart-upsell?st_source=autocomplete,2022-06-01,google,Vietnam,desktop,1,0,2,50.0,1.5,4e-09,0,Others,Others
164,/discos-smart-bogo-cart-upsell?st_source=autocomplete&fbclid=IwAR0_us18ctBu71s8xDyCkAePAL-S7lCDBDe8zhMjDZKfWOz-Z1BjwDQm7nE,2022-05-06,facebook.com,Indonesia,desktop,1,1,1,100.0,1.0,0.0,0,Others,Others
165,/discos-smart-bogo-cart-upsell?st_source=autocomplete&fbclid=IwAR0aCF27ZjIGU7sN3XSXcTcqD9jbwLVnkUALQsY2QTUcvvx0auficiGV_DY,2022-05-06,m.facebook.com,Belgium,mobile,1,1,1,100.0,1.0,0.0,0,Others,Others
166,/discos-smart-bogo-cart-upsell?st_source=autocomplete&fbclid=IwAR0aEFsezezU9-a3wIaZ5SJflqQtoSAkOUm4w_3R8SFgq2O1jJ1hLhHnskQ,2022-05-14,facebook.com,United States,desktop,1,0,1,100.0,1.0,0.0,0,Others,Others
167,/discos-smart-bogo-cart-upsell?st_source=autocomplete&fbclid=IwAR0aKozuhXimkk5CGHFUa9U0RoXjQzMQX548CyVsADQxSa-EHiQV0HSfuzQ,2022-05-09,l.facebook.com,Australia,desktop,1,1,1,100.0,1.0,0.0,0,Others,Others
168,/discos-smart-bogo-cart-upsell?st_source=autocomplete&fbclid=IwAR0gUdk1kKaXYCIm_Zy7guMH-9DcK-mwSb93Um6UYXANairkjXXi-B0HGrA,2022-05-06,m.facebook.com,Vietnam,mobile,1,1,1,100.0,1.0,0.0,0,Others,Others
169,/discos-smart-bogo-cart-upsell?st_source=autocomplete&fbclid=IwAR0JrTmZpgX53f9lsnCHMahR2vEV9Mwg6Iayqs7arkppcy0Q0g6FT4s3tUY,2022-05-08,m.facebook.com,Finland,mobile,1,1,1,100.0,1.0,0.0,0,Others,Others
170,/discos-smart-bogo-cart-upsell?st_source=autocomplete&fbclid=IwAR0qcyevN38uX6VHB7rCwYXyNVgldC5OBC1WNCA7cHScr32xc0SPxcR2yvo,2022-05-10,l.facebook.com,India,desktop,1,0,1,100.0,1.0,0.0,0,Others,Others
171,/discos-smart-bogo-cart-upsell?st_source=autocomplete&fbclid=IwAR1853vJ54DJBMIP2u-ycfLgpEvq4BhaLRgMF7ra-WQfk8ZVjacryTm2yco,2022-05-18,m.facebook.com,Egypt,mobile,1,1,1,100.0,1.0,0.0,0,Others,Others
172,/discos-smart-bogo-cart-upsell?st_source=autocomplete&fbclid=IwAR1ccw9wZHxHBecHbu9OKSlSgMU8YlybKqrra11VUqUHsevrQwp6ZobtQUU,2022-05-08,m.facebook.com,United Kingdom,mobile,1,1,1,100.0,1.0,0.0,0,Others,Others
173,/discos-smart-bogo-cart-upsell?st_source=autocomplete&fbclid=IwAR1V79KMQeWB5Jef4WZdEYI7kFOkfSlh-Zvuh7ViosmRkHtSg_5vesTgJBU,2022-05-08,m.facebook.com,United States,mobile,1,1,1,100.0,1.0,0.0,0,Others,Others
174,/discos-smart-bogo-cart-upsell?st_source=autocomplete&fbclid=IwAR2tDdRJtSZ5cvb5W1PqLkpy5GVYPZoIbCOguMs6qMlABDUblmJmYkqVIY4,2022-05-06,m.facebook.com,Egypt,mobile,1,1,1,100.0,1.0,0.0,0,Others,Others
175,/discos-smart-bogo-cart-upsell?st_source=autocomplete&fbclid=IwAR3mqL7j6W9dHEp3DzzQvqVD5fGggAR9dmRqgrXAhOgAodZhhybv7TzH9sU,2022-05-06,m.facebook.com,Vietnam,mobile,1,1,1,100.0,1.0,0.0,0,Others,Others
176,/discos-smart-bogo-cart-upsell?st_source=autocomplete&fbclid=IwAR3ro1RO-A-yT4z27PH5eRByoSX__ipwbfIpOTjK-IW51Lu9EnDPBQqx5hM,2022-05-06,l.facebook.com,India,desktop,1,0,1,100.0,1.0,0.0,0,Others,Others
177,/discos-smart-bogo-cart-upsell?st_source=email_EF3-5-1,2022-05-13,getresponse,Vietnam,desktop,1,0,1,0.0,9.0,1.263e-06,0,Others,Others
178,/discos-smart-bogo-cart-upsell?st_source=email_EP5-1-1,2022-05-11,getresponse,Vietnam,desktop,1,0,1,0.0,7.0,1.9540000000000003e-06,0,Others,Others
179,/discos-smart-bogo-cart-upsell?st_source=email_EP5-1-1,2022-05-13,(direct),United States,desktop,3,3,3,100.0,1.0,0.0,0,Others,Others
180,/discos-smart-bogo-cart-upsell?surface_detail=all&surface_inter_position=2&surface_intra_position=10&surface_type=category,2022-05-05,landing page,India,desktop,1,0,1,0.0,2.0,3.22e-07,0,category,Others
181,/discos-smart-bogo-cart-upsell?surface_detail=all&surface_inter_position=3&surface_intra_position=24&surface_type=category,2022-05-10,(direct),India,desktop,1,1,1,100.0,1.0,0.0,0,category,Others
182,/discos-smart-bogo-cart-upsell?surface_detail=all&surface_inter_position=9&surface_intra_position=9&surface_type=category,2022-05-25,(direct),Bangladesh,desktop,1,1,1,100.0,1.0,0.0,0,category,Others
183,/discos-smart-bogo-cart-upsell?surface_detail=bogo&surface_inter_position=1&surface_intra_position=11&surface_type=search,2022-05-16,(direct),United States,desktop,1,1,2,100.0,1.0,0.0,0,search,bogo
184,/discos-smart-bogo-cart-upsell?surface_detail=bogo&surface_inter_position=1&surface_intra_position=12&surface_type=search,2022-05-16,google,Vietnam,desktop,1,0,1,100.0,1.0,0.0,0,search,bogo
185,/discos-smart-bogo-cart-upsell?surface_detail=bogo&surface_inter_position=1&surface_intra_position=12&surface_type=search,2022-05-17,(direct),Philippines,desktop,1,1,1,0.0,1.0,2.4000000000000003e-08,1,search,bogo
186,/discos-smart-bogo-cart-upsell?surface_detail=bogo&surface_inter_position=1&surface_intra_position=12&surface_type=search,2022-05-25,slack_partner_leauge,New Zealand,desktop,1,0,1,100.0,1.0,0.0,0,search,bogo
187,/discos-smart-bogo-cart-upsell?surface_detail=bogo&surface_inter_position=1&surface_intra_position=12&surface_type=search,2022-05-30,(direct),Australia,desktop,1,1,1,100.0,1.0,0.0,0,search,bogo
188,/discos-smart-bogo-cart-upsell?surface_detail=Bogo&surface_inter_position=1&surface_intra_position=12&surface_type=search,2022-05-26,(direct),United States,mobile,1,1,1,0.0,1.0,3.2e-08,1,search,Bogo
189,/discos-smart-bogo-cart-upsell?surface_detail=BOGO&surface_inter_position=1&surface_intra_position=12&surface_type=search,2022-06-01,(direct),Saudi Arabia,desktop,1,1,1,100.0,1.0,0.0,0,search,BOGO
190,/discos-smart-bogo-cart-upsell?surface_detail=bogo&surface_inter_position=1&surface_intra_position=13&surface_type=search,2022-05-13,google,Vietnam,desktop,1,0,1,100.0,1.0,0.0,0,search,bogo
191,/discos-smart-bogo-cart-upsell?surface_detail=bogo&surface_inter_position=1&surface_intra_position=13&surface_type=search,2022-05-16,(direct),India,desktop,1,1,1,0.0,1.0,1.1000000000000001e-08,1,search,bogo
192,/discos-smart-bogo-cart-upsell?surface_detail=bogo&surface_inter_position=1&surface_intra_position=13&surface_type=search,2022-06-01,(direct),Vietnam,desktop,1,0,1,100.0,1.0,0.0,0,search,bogo
193,/discos-smart-bogo-cart-upsell?surface_detail=Bogo&surface_inter_position=1&surface_intra_position=13&surface_type=search,2022-05-11,(direct),Vietnam,mobile,1,1,1,100.0,1.0,0.0,0,search,Bogo
194,/discos-smart-bogo-cart-upsell?surface_detail=Bogo&surface_inter_position=1&surface_intra_position=13&surface_type=search,2022-05-12,(direct),Indonesia,mobile,1,1,1,100.0,1.0,0.0,0,search,Bogo
195,/discos-smart-bogo-cart-upsell?surface_detail=Bogo&surface_inter_position=1&surface_intra_position=13&surface_type=search,2022-05-12,(direct),Vietnam,mobile,1,0,2,100.0,1.0,0.0,0,search,Bogo
196,/discos-smart-bogo-cart-upsell?surface_detail=Bogo&surface_inter_position=1&surface_intra_position=13&surface_type=search,2022-05-13,(direct),Vietnam,mobile,1,1,1,100.0,1.0,0.0,0,search,Bogo
197,/discos-smart-bogo-cart-upsell?surface_detail=bogo&surface_inter_position=1&surface_intra_position=14&surface_type=search,2022-05-12,(direct),Indonesia,desktop,1,1,1,0.0,1.0,3.9000000000000005e-08,1,search,bogo
198,/discos-smart-bogo-cart-upsell?surface_detail=bogo&surface_inter_position=1&surface_intra_position=14&surface_type=search,2022-05-16,google,Vietnam,desktop,1,0,1,0.0,8.0,3.4500000000000003e-07,5,search,bogo
199,/discos-smart-bogo-cart-upsell?surface_detail=bogo&surface_inter_position=1&surface_intra_position=14&surface_type=search,2022-05-17,l.facebook.com,Latvia,desktop,1,0,1,0.0,3.0,2.4050000000000003e-06,3,search,bogo
200,/discos-smart-bogo-cart-upsell?surface_detail=bogo&surface_inter_position=1&surface_intra_position=14&surface_type=search,2022-05-17,l.facebook.com,Turkey,desktop,1,0,1,100.0,1.0,0.0,0,search,bogo
201,/discos-smart-bogo-cart-upsell?surface_detail=bogo&surface_inter_position=1&surface_intra_position=14&surface_type=search,2022-05-25,website,United States,desktop,1,0,1,0.0,1.0,2.3e-08,1,search,bogo
202,/discos-smart-bogo-cart-upsell?surface_detail=bogo&surface_inter_position=1&surface_intra_position=15&surface_type=search,2022-05-13,getresponse,Vietnam,desktop,1,0,1,100.0,1.0,0.0,0,search,bogo
203,/discos-smart-bogo-cart-upsell?surface_detail=bogo&surface_inter_position=1&surface_intra_position=15&surface_type=search,2022-05-14,google,Vietnam,desktop,1,0,1,100.0,1.0,0.0,0,search,bogo
204,/discos-smart-bogo-cart-upsell?surface_detail=bogo&surface_inter_position=1&surface_intra_position=15&surface_type=search,2022-05-26,(direct),Hong Kong,desktop,1,0,1,100.0,1.0,0.0,0,search,bogo
205,/discos-smart-bogo-cart-upsell?surface_detail=bogo&surface_inter_position=1&surface_intra_position=15&surface_type=search,2022-05-26,(direct),Mexico,desktop,1,1,1,0.0,1.0,4.1e-08,1,search,bogo
206,/discos-smart-bogo-cart-upsell?surface_detail=bogo&surface_inter_position=1&surface_intra_position=15&surface_type=search,2022-05-27,(direct),Singapore,desktop,1,1,1,0.0,1.0,1.732e-06,1,search,bogo
207,/discos-smart-bogo-cart-upsell?surface_detail=bogo&surface_inter_position=1&surface_intra_position=15&surface_type=search,2022-05-27,website,India,desktop,1,0,1,0.0,1.0,2.7e-08,1,search,bogo
208,/discos-smart-bogo-cart-upsell?surface_detail=bogo&surface_inter_position=1&surface_intra_position=15&surface_type=search,2022-05-27,website,Vietnam,desktop,1,0,2,100.0,1.0,0.0,0,search,bogo
209,/discos-smart-bogo-cart-upsell?surface_detail=bogo&surface_inter_position=1&surface_intra_position=15&surface_type=search,2022-05-28,website,India,desktop,1,0,1,0.0,1.0,2.0700000000000001e-07,1,search,bogo
210,/discos-smart-bogo-cart-upsell?surface_detail=bogo&surface_inter_position=1&surface_intra_position=15&surface_type=search,2022-05-29,(direct),United States,desktop,1,1,1,100.0,1.0,0.0,0,search,bogo
211,/discos-smart-bogo-cart-upsell?surface_detail=bogo&surface_inter_position=1&surface_intra_position=15&surface_type=search,2022-05-30,website,Vietnam,desktop,1,0,1,100.0,1.0,0.0,0,search,bogo
212,/discos-smart-bogo-cart-upsell?surface_detail=bogo&surface_inter_position=1&surface_intra_position=15&surface_type=search,2022-05-31,(direct),Vietnam,desktop,1,0,1,100.0,1.0,0.0,0,search,bogo
213,/discos-smart-bogo-cart-upsell?surface_detail=bogo&surface_inter_position=1&surface_intra_position=15&surface_type=search,2022-05-31,landing page,Vietnam,desktop,1,0,1,0.0,6.0,2.0610000000000003e-06,0,search,bogo
214,/discos-smart-bogo-cart-upsell?surface_detail=BOGO&surface_inter_position=1&surface_intra_position=15&surface_type=search,2022-05-28,(direct),Panama,desktop,1,1,1,0.0,1.0,3.6000000000000005e-08,1,search,BOGO
215,/discos-smart-bogo-cart-upsell?surface_detail=bogo&surface_inter_position=1&surface_intra_position=16&surface_type=search,2022-05-11,(direct),Vietnam,desktop,1,0,2,50.0,2.5,9.26e-07,0,search,bogo
216,/discos-smart-bogo-cart-upsell?surface_detail=bogo&surface_inter_position=1&surface_intra_position=16&surface_type=search,2022-05-12,admin,Vietnam,desktop,1,0,1,100.0,1.0,0.0,0,search,bogo
217,/discos-smart-bogo-cart-upsell?surface_detail=bogo&surface_inter_position=1&surface_intra_position=16&surface_type=search,2022-05-12,google,Vietnam,desktop,1,0,1,0.0,2.0,4.3800000000000003e-07,0,search,bogo
218,/discos-smart-bogo-cart-upsell?surface_detail=Bogo&surface_inter_position=1&surface_intra_position=16&surface_type=search,2022-05-10,(direct),Vietnam,mobile,1,0,1,100.0,1.0,0.0,0,search,Bogo
219,/discos-smart-bogo-cart-upsell?surface_detail=Bogo&surface_inter_position=1&surface_intra_position=16&surface_type=search&fbclid=IwAR3Mi_7zhI43ahWnVgiGtCVr6ShpUrdlSp1EhYz8SzdGoCW_zS0JpE3PDkI,2022-05-10,l.facebook.com,Vietnam,desktop,1,0,1,0.0,2.0,5.1e-08,0,search&fbclid,Bogo
220,/discos-smart-bogo-cart-upsell?surface_detail=bogo&surface_inter_position=1&surface_intra_position=18&surface_type=search,2022-05-11,(direct),Vietnam,desktop,1,1,1,100.0,1.0,0.0,0,search,bogo
221,/discos-smart-bogo-cart-upsell?surface_detail=bogo&surface_inter_position=1&surface_intra_position=19&surface_type=search,2022-05-10,(direct),Vietnam,desktop,1,0,4,100.0,1.0,0.0,0,search,bogo
222,/discos-smart-bogo-cart-upsell?surface_detail=bogo&surface_inter_position=1&surface_intra_position=19&surface_type=search,2022-05-11,(direct),United States,desktop,2,1,2,50.0,1.0,2.15e-07,1,search,bogo
223,/discos-smart-bogo-cart-upsell?surface_detail=bogo&surface_inter_position=1&surface_intra_position=20&surface_type=search,2022-05-10,(direct),United States,desktop,1,1,1,100.0,1.0,0.0,0,search,bogo
224,/discos-smart-bogo-cart-upsell?surface_detail=bogo&surface_inter_position=2&surface_intra_position=4&surface_type=search,2022-05-05,(direct),Vietnam,desktop,1,0,2,100.0,1.0,0.0,0,search,bogo
225,/discos-smart-bogo-cart-upsell?surface_detail=bogo&surface_inter_position=2&surface_intra_position=7&surface_type=search,2022-05-05,getresponse,Vietnam,desktop,1,0,1,0.0,2.0,4.54e-07,0,search,bogo
226,/discos-smart-bogo-cart-upsell?surface_detail=bogo&surface_inter_position=2&surface_intra_position=7&surface_type=search,2022-05-06,(direct),United States,desktop,1,1,1,100.0,1.0,0.0,0,search,bogo
227,/discos-smart-bogo-cart-upsell?surface_detail=bogo&surface_inter_position=2&surface_intra_position=7&surface_type=search,2022-05-06,(direct),Vietnam,desktop,2,1,2,100.0,1.0,0.0,0,search,bogo
228,/discos-smart-bogo-cart-upsell?surface_detail=bogo&surface_inter_position=2&surface_intra_position=7&surface_type=search,2022-05-08,(direct),Vietnam,desktop,1,0,1,100.0,1.0,0.0,0,search,bogo
229,/discos-smart-bogo-cart-upsell?surface_detail=bogo+offer&surface_inter_position=1&surface_intra_position=26&surface_type=search,2022-05-14,facebook.com,United States,desktop,1,0,1,100.0,1.0,0.0,0,search,bogo offer
230,/discos-smart-bogo-cart-upsell?surface_detail=bogo+sales&surface_inter_position=4&surface_intra_position=23&surface_type=search,2022-05-06,(direct),United States,desktop,1,0,1,100.0,1.0,0.0,0,search,bogo sales
231,/discos-smart-bogo-cart-upsell?surface_detail=bogof&surface_inter_position=1&surface_intra_position=12&surface_type=search,2022-05-09,google,United Kingdom,desktop,1,0,1,0.0,1.0,1.9400000000000002e-07,1,search,bogof
232,/discos-smart-bogo-cart-upsell?surface_detail=bogof&surface_inter_position=1&surface_intra_position=9&surface_type=search,2022-05-17,(direct),United Kingdom,desktop,1,1,1,0.0,2.0,1.17e-07,0,search,bogof
233,/discos-smart-bogo-cart-upsell?surface_detail=boyo&surface_inter_position=1&surface_intra_position=5&surface_type=search,2022-05-11,admin,New Zealand,desktop,1,0,1,0.0,1.0,2.3e-08,1,search,boyo
234,/discos-smart-bogo-cart-upsell?surface_detail=buy+one+get+one&surface_inter_position=2&surface_intra_position=9&surface_type=search,2022-05-30,(direct),India,desktop,1,1,1,0.0,1.0,5.3000000000000005e-08,1,search,buy one get one
235,/discos-smart-bogo-cart-upsell?surface_detail=buy+one+get+one+$&surface_inter_position=2&surface_intra_position=26&surface_type=search,2022-05-08,(direct),United States,desktop,1,1,1,0.0,1.0,1.2000000000000002e-08,1,search,buy one get one $
236,/discos-smart-bogo-cart-upsell?surface_detail=buy+x&surface_inter_position=1&surface_intra_position=10&surface_type=search,2022-05-18,(direct),Faroe Islands,desktop,1,1,1,100.0,1.0,0.0,0,search,buy x
237,/discos-smart-bogo-cart-upsell?surface_detail=buy+x+get+y&surface_inter_position=1&surface_intra_position=10&surface_type=search,2022-05-14,(direct),Turkey,desktop,1,1,1,100.0,1.0,0.0,0,search,buy x get y
238,/discos-smart-bogo-cart-upsell?surface_detail=buy+x+get+y&surface_inter_position=1&surface_intra_position=10&surface_type=search,2022-05-17,l.facebook.com,United States,desktop,1,0,1,100.0,1.0,0.0,0,search,buy x get y
239,/discos-smart-bogo-cart-upsell?surface_detail=buy+x+get+y&surface_inter_position=1&surface_intra_position=10&surface_type=search,2022-05-18,admin,Philippines,desktop,1,0,1,0.0,1.0,4.2700000000000005e-07,1,search,buy x get y
240,/discos-smart-bogo-cart-upsell?surface_detail=buy+x+get+y&surface_inter_position=1&surface_intra_position=10&surface_type=search,2022-05-18,admin,United States,desktop,1,0,1,100.0,1.0,0.0,0,search,buy x get y
241,/discos-smart-bogo-cart-upsell?surface_detail=buy+x+get+y&surface_inter_position=1&surface_intra_position=10&surface_type=search,2022-05-25,slack_partner_leauge,United States,desktop,1,0,1,0.0,1.0,5e-09,1,search,buy x get y
242,/discos-smart-bogo-cart-upsell?surface_detail=buy+x+get+y&surface_inter_position=1&surface_intra_position=10&surface_type=search,2022-05-25,website,Philippines,desktop,1,0,1,0.0,1.0,1.9e-08,1,search,buy x get y
243,/discos-smart-bogo-cart-upsell?surface_detail=buy+x+get+y&surface_inter_position=1&surface_intra_position=10&surface_type=search,2022-05-26,(direct),Tunisia,desktop,1,1,1,100.0,1.0,0.0,0,search,buy x get y
244,/discos-smart-bogo-cart-upsell?surface_detail=buy+x+get+y&surface_inter_position=1&surface_intra_position=10&surface_type=search,2022-05-26,(direct),United Kingdom,desktop,1,1,1,0.0,2.0,1.7240000000000001e-06,0,search,buy x get y
245,/discos-smart-bogo-cart-upsell?surface_detail=buy+x+get+y&surface_inter_position=1&surface_intra_position=10&surface_type=search,2022-05-26,(direct),United States,desktop,1,1,1,0.0,1.0,4.5000000000000006e-08,1,search,buy x get y
246,/discos-smart-bogo-cart-upsell?surface_detail=buy+x+get+y&surface_inter_position=1&surface_intra_position=10&surface_type=search,2022-05-26,website,United States,desktop,1,0,1,0.0,2.0,2.0000000000000002e-07,0,search,buy x get y
247,/discos-smart-bogo-cart-upsell?surface_detail=buy+x+get+y&surface_inter_position=1&surface_intra_position=12&surface_type=search,2022-05-10,(direct),Australia,desktop,1,1,1,100.0,1.0,0.0,0,search,buy x get y
248,/discos-smart-bogo-cart-upsell?surface_detail=buy+x+get+y&surface_inter_position=1&surface_intra_position=12&surface_type=search,2022-05-10,l.facebook.com,United States,desktop,1,0,1,100.0,1.0,0.0,0,search,buy x get y
249,/discos-smart-bogo-cart-upsell?surface_detail=buy+x+get+y&surface_inter_position=1&surface_intra_position=21&surface_type=search,2022-05-05,(direct),India,desktop,1,1,1,100.0,1.0,0.0,0,search,buy x get y
250,/discos-smart-bogo-cart-upsell?surface_detail=buy+x+get+y&surface_inter_position=1&surface_intra_position=21&surface_type=search,2022-05-05,(direct),Myanmar (Burma),desktop,1,1,1,0.0,1.0,1.8000000000000002e-08,1,search,buy x get y
251,/discos-smart-bogo-cart-upsell?surface_detail=buy+x+get+y&surface_inter_position=1&surface_intra_position=6&surface_type=search,2022-05-16,(direct),India,desktop,1,1,1,0.0,1.0,2.3e-08,1,search,buy x get y
252,/discos-smart-bogo-cart-upsell?surface_detail=buy+x+get+y&surface_inter_position=1&surface_intra_position=7&surface_type=search,2022-05-16,admin,India,desktop,1,0,1,100.0,1.0,0.0,0,search,buy x get y
253,/discos-smart-bogo-cart-upsell?surface_detail=buy+x+get+y&surface_inter_position=1&surface_intra_position=7&surface_type=search,2022-05-28,(direct),Canada,desktop,1,1,1,100.0,1.0,0.0,0,search,buy x get y
254,/discos-smart-bogo-cart-upsell?surface_detail=buy+x+get+y&surface_inter_position=1&surface_intra_position=8&surface_type=search,2022-05-11,(direct),Canada,desktop,1,1,1,0.0,2.0,3.44e-07,0,search,buy x get y
255,/discos-smart-bogo-cart-upsell?surface_detail=cart+drawer&surface_inter_position=7&surface_intra_position=17&surface_type=search,2022-05-18,(direct),India,desktop,1,1,1,100.0,1.0,0.0,0,search,cart drawer
256,/discos-smart-bogo-cart-upsell?surface_detail=cart+upsell&surface_inter_position=1&surface_intra_position=15&surface_type=search,2022-05-16,(direct),China,desktop,1,1,1,100.0,1.0,0.0,0,search,cart upsell
257,/discos-smart-bogo-cart-upsell?surface_detail=cart+upsell&surface_inter_position=1&surface_intra_position=16&surface_type=search,2022-05-16,(direct),Ukraine,desktop,1,1,1,0.0,1.0,5e-09,1,search,cart upsell
258,/discos-smart-bogo-cart-upsell?surface_detail=cart+upsell&surface_inter_position=1&surface_intra_position=16&surface_type=search,2022-05-27,website,Canada,desktop,1,0,1,100.0,1.0,0.0,0,search,cart upsell
259,/discos-smart-bogo-cart-upsell?surface_detail=cart+upsell&surface_inter_position=1&surface_intra_position=16&surface_type=search,2022-05-28,website,United States,desktop,1,0,1,100.0,1.0,0.0,0,search,cart upsell
260,/discos-smart-bogo-cart-upsell?surface_detail=cart+upsell&surface_inter_position=1&surface_intra_position=16&surface_type=search,2022-05-31,landing page,India,desktop,1,0,1,100.0,1.0,0.0,0,search,cart upsell
261,/discos-smart-bogo-cart-upsell?surface_detail=cart+upsell&surface_inter_position=1&surface_intra_position=17&surface_type=search,2022-05-18,(direct),Canada,desktop,1,1,1,100.0,1.0,0.0,0,search,cart upsell
262,/discos-smart-bogo-cart-upsell?surface_detail=cart+upsell&surface_inter_position=1&surface_intra_position=17&surface_type=search,2022-06-01,landing page,Bangladesh,desktop,1,0,1,0.0,6.0,4.28e-07,3,search,cart upsell
263,/discos-smart-bogo-cart-upsell?surface_detail=cart+upsell&surface_inter_position=1&surface_intra_position=18&surface_type=search,2022-05-27,website,India,desktop,1,0,1,100.0,1.0,0.0,0,search,cart upsell
264,/discos-smart-bogo-cart-upsell?surface_detail=cart+upsell&surface_inter_position=1&surface_intra_position=19&surface_type=search,2022-05-13,admin,Philippines,desktop,1,0,1,100.0,1.0,0.0,0,search,cart upsell
265,/discos-smart-bogo-cart-upsell?surface_detail=conversion-upselling-and-cross-selling-upselling-and-cross-selling&surface_inter_position=5&surface_intra_position=23&surface_type=category,2022-05-19,(direct),Philippines,desktop,1,1,1,100.0,1.0,0.0,0,category,Others
266,/discos-smart-bogo-cart-upsell?surface_detail=conversion-upselling-and-cross-selling&surface_inter_position=1&surface_intra_position=12&surface_type=subcategory,2022-05-17,(direct),United States,desktop,1,1,1,100.0,1.0,0.0,0,subcategory,Others
267,/discos-smart-bogo-cart-upsell?surface_detail=conversion-upselling-and-cross-selling&surface_inter_position=1&surface_intra_position=3&surface_type=subcategory,2022-05-11,(direct),India,desktop,1,1,1,100.0,1.0,0.0,0,subcategory,Others
268,/discos-smart-bogo-cart-upsell?surface_detail=conversion-upselling-and-cross-selling&surface_inter_position=4&surface_intra_position=2&surface_type=category,2022-05-08,admin,United States,desktop,1,0,1,100.0,1.0,0.0,0,category,Others
269,/discos-smart-bogo-cart-upsell?surface_detail=conversion-upselling-and-cross-selling&surface_inter_position=8&surface_intra_position=1&surface_type=home,2022-05-14,(direct),United States,desktop,1,1,1,100.0,1.0,0.0,0,home,Others
270,/discos-smart-bogo-cart-upsell?surface_detail=conversion-upselling-and-cross-selling&surface_inter_position=8&surface_intra_position=1&surface_type=home,2022-05-17,(direct),Malaysia,mobile,1,1,1,100.0,1.0,0.0,0,home,Others
271,/discos-smart-bogo-cart-upsell?surface_detail=conversion-upselling-and-cross-selling&surface_inter_position=8&surface_intra_position=2&surface_type=home,2022-05-16,admin,United States,desktop,1,0,1,100.0,1.0,0.0,0,home,Others
272,/discos-smart-bogo-cart-upsell?surface_detail=conversion-upselling-and-cross-selling&surface_inter_position=8&surface_intra_position=4&surface_type=home,2022-05-06,(direct),United States,mobile,1,1,1,100.0,1.0,0.0,0,home,Others
273,/discos-smart-bogo-cart-upsell?surface_detail=conversion-upselling-and-cross-selling&surface_inter_position=8&surface_intra_position=5&surface_type=home,2022-05-13,(direct),United States,desktop,1,1,1,100.0,1.0,0.0,0,home,Others
274,/discos-smart-bogo-cart-upsell?surface_detail=conversion-upselling-and-cross-selling&surface_inter_position=8&surface_intra_position=5&surface_type=home,2022-05-18,(direct),Bangladesh,desktop,1,1,1,0.0,1.0,1.3900000000000001e-07,1,home,Others
275,/discos-smart-bogo-cart-upsell?surface_detail=conversion&surface_inter_position=1&surface_intra_position=17&surface_type=collection,2022-05-06,(direct),Lithuania,desktop,1,1,1,0.0,1.0,2.4000000000000003e-08,1,collection,Others
276,/discos-smart-bogo-cart-upsell?surface_detail=discord&surface_inter_position=1&surface_intra_position=11&surface_type=search,2022-05-14,(direct),United States,desktop,1,1,1,100.0,1.0,0.0,0,search,discord
277,/discos-smart-bogo-cart-upsell?surface_detail=DISCOS:+Smart+BOGO+Cart+Upsell&surface_inter_position=1&surface_intra_position=4&surface_type=search,2022-05-09,(direct),Ireland,desktop,1,1,1,100.0,1.0,0.0,0,search,DISCOS: Smart BOGO Cart Upsell
278,/discos-smart-bogo-cart-upsell?surface_detail=discos&surface_inter_position=1&surface_intra_position=3&surface_type=search,2022-05-26,getresponse,Vietnam,desktop,1,0,1,100.0,1.0,0.0,0,search,discos
279,/discos-smart-bogo-cart-upsell?surface_detail=discos&surface_inter_position=1&surface_intra_position=3&surface_type=search,2022-05-27,getresponse,Vietnam,desktop,1,0,1,100.0,1.0,0.0,0,search,discos
280,/discos-smart-bogo-cart-upsell?surface_detail=discos&surface_inter_position=1&surface_intra_position=4&surface_type=search,2022-05-12,getresponse,Vietnam,desktop,1,0,1,0.0,4.0,7.310000000000001e-07,0,search,discos
281,/discos-smart-bogo-cart-upsell?surface_detail=discos&surface_inter_position=1&surface_intra_position=4&surface_type=search,2022-05-13,admin,Vietnam,desktop,1,0,1,100.0,1.0,0.0,0,search,discos
282,/discos-smart-bogo-cart-upsell?surface_detail=discos&surface_inter_position=1&surface_intra_position=4&surface_type=search,2022-05-17,admin,Vietnam,desktop,1,0,1,0.0,2.0,4.2000000000000006e-08,0,search,discos
283,/discos-smart-bogo-cart-upsell?surface_detail=drop+down+on+cart&surface_inter_position=14&surface_intra_position=7&surface_type=search,2022-05-07,(direct),United Kingdom,desktop,1,1,1,100.0,1.0,0.0,0,search,drop down on cart
284,/discos-smart-bogo-cart-upsell?surface_detail=happypoint&surface_inter_position=1&surface_intra_position=2&surface_type=search,2022-05-05,happypoints.io,Vietnam,desktop,1,0,1,100.0,1.0,0.0,0,search,happypoint
285,/discos-smart-bogo-cart-upsell?surface_detail=In+cart+upsell&surface_inter_position=1&surface_intra_position=1&surface_type=search,2022-05-06,(direct),India,mobile,1,0,1,100.0,1.0,0.0,0,search,In cart upsell
286,/discos-smart-bogo-cart-upsell?surface_detail=logo+vendor&surface_inter_position=1&surface_intra_position=26&surface_type=search,2022-05-16,(direct),Georgia,desktop,1,1,1,0.0,1.0,4.6e-08,1,search,logo vendor
287,/discos-smart-bogo-cart-upsell?surface_detail=newsletter+popup&surface_inter_position=1&surface_intra_position=6&surface_type=search,2022-06-01,landing page,New Zealand,desktop,1,0,1,100.0,1.0,0.0,0,search,newsletter popup
288,/discos-smart-bogo-cart-upsell?surface_detail=one+click+upsell&surface_inter_position=1&surface_intra_position=17&surface_type=search,2022-05-12,(direct),Australia,desktop,1,1,1,100.0,1.0,0.0,0,search,one click upsell
289,/discos-smart-bogo-cart-upsell?surface_detail=one+click+upsell&surface_inter_position=1&surface_intra_position=17&surface_type=search,2022-05-17,(direct),United States,desktop,1,1,1,100.0,1.0,0.0,0,search,one click upsell
290,/discos-smart-bogo-cart-upsell?surface_detail=recommended-for-you&surface_inter_position=1&surface_intra_position=1&surface_type=collection,2022-05-13,(direct),United States,desktop,1,1,1,100.0,1.0,0.0,0,collection,Others
291,/discos-smart-bogo-cart-upsell?surface_detail=recommended-for-you&surface_inter_position=1&surface_intra_position=1&surface_type=collection,2022-05-17,(direct),United Arab Emirates,desktop,1,1,1,0.0,2.0,1.8000000000000002e-08,0,collection,Others
292,/discos-smart-bogo-cart-upsell?surface_detail=recommended-for-you&surface_inter_position=1&surface_intra_position=2&surface_type=collection,2022-05-11,(direct),United States,desktop,1,1,1,100.0,1.0,0.0,0,collection,Others
293,/discos-smart-bogo-cart-upsell?surface_detail=recommended-for-you&surface_inter_position=1&surface_intra_position=52&surface_type=collection,2022-05-12,(direct),Switzerland,desktop,1,1,1,100.0,1.0,0.0,0,collection,Others
294,/discos-smart-bogo-cart-upsell?surface_detail=recommended-for-you&surface_inter_position=1&surface_intra_position=64&surface_type=collection,2022-05-15,admin,United States,desktop,1,0,1,100.0,1.0,0.0,0,collection,Others
295,/discos-smart-bogo-cart-upsell?surface_detail=recommended-for-you&surface_inter_position=2&surface_intra_position=1&surface_type=home,2022-05-06,(direct),South Africa,mobile,1,1,1,100.0,1.0,0.0,0,home,Others
296,/discos-smart-bogo-cart-upsell?surface_detail=recommended-for-you&surface_inter_position=2&surface_intra_position=1&surface_type=home,2022-05-17,(direct),United States,mobile,1,1,1,100.0,1.0,0.0,0,home,Others
297,/discos-smart-bogo-cart-upsell?surface_detail=recommended-for-you&surface_inter_position=2&surface_intra_position=2&surface_type=home,2022-05-06,l.facebook.com,United States,desktop,1,0,1,0.0,1.0,7e-08,1,home,Others
298,/discos-smart-bogo-cart-upsell?surface_detail=recommended-for-you&surface_inter_position=2&surface_intra_position=2&surface_type=home,2022-05-09,(direct),Canada,desktop,1,1,1,0.0,2.0,1.24e-07,0,home,Others
299,/discos-smart-bogo-cart-upsell?surface_detail=recommended-for-you&surface_inter_position=2&surface_intra_position=2&surface_type=home,2022-05-12,admin,Poland,desktop,1,0,1,0.0,2.0,2e-09,0,home,Others
300,/discos-smart-bogo-cart-upsell?surface_detail=recommended-for-you&surface_inter_position=2&surface_intra_position=2&surface_type=home,2022-05-13,(direct),United Kingdom,desktop,1,1,1,100.0,1.0,0.0,0,home,Others
301,/discos-smart-bogo-cart-upsell?surface_detail=recommended-for-you&surface_inter_position=2&surface_intra_position=2&surface_type=home,2022-05-14,(direct),India,desktop,1,1,1,0.0,1.0,1.24e-07,1,home,Others
302,/discos-smart-bogo-cart-upsell?surface_detail=recommended-for-you&surface_inter_position=2&surface_intra_position=3&surface_type=home,2022-05-11,(direct),India,desktop,1,1,1,100.0,1.0,0.0,0,home,Others
303,/discos-smart-bogo-cart-upsell?surface_detail=recommended-for-you&surface_inter_position=2&surface_intra_position=4&surface_type=home,2022-05-18,(direct),Pakistan,desktop,1,1,1,100.0,1.0,0.0,0,home,Others
304,/discos-smart-bogo-cart-upsell?surface_detail=recommended-for-you&surface_inter_position=2&surface_intra_position=5&surface_type=home,2022-05-15,(direct),United States,desktop,1,1,1,0.0,1.0,5.1e-08,1,home,Others
305,/discos-smart-bogo-cart-upsell?surface_detail=recommended-for-you&surface_inter_position=2&surface_intra_position=6&surface_type=home,2022-05-13,admin,India,desktop,1,0,1,100.0,1.0,0.0,0,home,Others
306,/discos-smart-bogo-cart-upsell?surface_detail=upsell&surface_inter_position=1&surface_intra_position=4&surface_type=search,2022-05-11,google,India,desktop,1,0,1,100.0,1.0,0.0,0,search,upsell
307,/discos-smart-bogo-cart-upsell?surface_detail=Upsell&surface_inter_position=1&surface_intra_position=4&surface_type=search,2022-05-14,facebook.com,Mexico,desktop,1,0,1,100.0,1.0,0.0,0,search,Upsell
308,/discos-smart-bogo-cart-upsell?surface_detail=upsell&surface_inter_position=1&surface_intra_position=5&surface_type=search,2022-05-28,(direct),United States,desktop,1,1,1,100.0,1.0,0.0,0,search,upsell
309,/discos-smart-bogo-cart-upsell?surface_detail=upsell&surface_inter_position=3&surface_intra_position=21&surface_type=search,2022-05-15,(direct),India,desktop,1,1,1,100.0,1.0,0.0,0,search,upsell
310,/discos-smart-bogo-cart-upsell?surface_detail=upsell+bundles&surface_inter_position=6&surface_intra_position=20&surface_type=search,2022-05-30,website,Israel,desktop,1,0,1,100.0,1.0,0.0,0,search,upsell bundles
311,/discos-smart-bogo-cart-upsell?surface_detail=upsell+in+cart&surface_inter_position=1&surface_intra_position=9&surface_type=search,2022-05-27,website,India,desktop,1,0,1,100.0,1.0,0.0,0,search,upsell in cart
312,/discos-smart-bogo-cart-upsell?surface_detail=upsell+on+cart&surface_inter_position=1&surface_intra_position=9&surface_type=search,2022-05-25,website,Italy,desktop,1,0,1,0.0,1.0,1.7e-08,1,search,upsell on cart
313,/discos-smart-bogo-cart-upsell/,2022-05-25,website,Vietnam,desktop,1,0,1,100.0,1.0,0.0,0,Others,Others
